{
  "features": [
    {
      "geometry": {
        "coordinates": [
          -77.8656931,
          40.7987371
        ],
        "type": "Point"
      },
      "properties": {
        "amenity": "bicycle_parking"
      },
      "type": "Feature"
    },
    {
      "geometry": {
        "coordinates": [
          -77.8669127,
          40.793574
        ],
        "type": "Point"
      },
      "properties": {
        "amenity": "bicycle_parking",
        "bicycle_parking": "rack"
      },
      "type": "Feature"
    },
    {
      "geometry": {
        "coordinates": [
          -77.8695084,
          40.7984074
        ],
        "type": "Point"
      },
      "properties": {
        "amenity": "bicycle_parking",
        "fixme": "add capacity",
        "covered": "yes"
      },
      "type": "Feature"
    },
    {
      "geometry": {
        "coordinates": [
          -77.8692462,
          40.7973759
        ],
        "type": "Point"
      },
      "properties": {
        "amenity": "bicycle_parking",
        "capacity": "14",
        "bicycle_parking": "rack"
      },
      "type": "Feature"
    },
    {
      "geometry": {
        "coordinates": [
          -77.8689761,
          40.7950059
        ],
        "type": "Point"
      },
      "properties": {
        "amenity": "bicycle_parking",
        "fixme": "add capacity"
      },
      "type": "Feature"
    },
    {
      "geometry": {
        "coordinates": [
          -77.8703773,
          40.7923415
        ],
        "type": "Point"
      },
      "properties": {
        "amenity": "bicycle_parking",
        "fixme": "add capacity"
      },
      "type": "Feature"
    },
    {
      "geometry": {
        "coordinates": [
          -77.867117,
          40.7930586
        ],
        "type": "Point"
      },
      "properties": {
        "amenity": "bicycle_parking",
        "capacity": "8",
        "bicycle_parking": "ground_slots"
      },
      "type": "Feature"
    },
    {
      "geometry": {
        "coordinates": [
          -77.8608005,
          40.803024
        ],
        "type": "Point"
      },
      "properties": {
        "amenity": "bicycle_parking",
        "capacity": "10"
      },
      "type": "Feature"
    },
    {
      "geometry": {
        "coordinates": [
          -77.8664759,
          40.8008174
        ],
        "type": "Point"
      },
      "properties": {
        "amenity": "bicycle_parking"
      },
      "type": "Feature"
    },
    {
      "geometry": {
        "coordinates": [
          -77.8670588,
          40.7930192
        ],
        "type": "Point"
      },
      "properties": {
        "amenity": "bicycle_parking",
        "capacity": "8",
        "bicycle_parking": "ground_slots"
      },
      "type": "Feature"
    },
    {
      "geometry": {
        "coordinates": [
          -77.8671842,
          40.7931053
        ],
        "type": "Point"
      },
      "properties": {
        "amenity": "bicycle_parking",
        "capacity": "8",
        "bicycle_parking": "ground_slots"
      },
      "type": "Feature"
    },
    {
      "geometry": {
        "coordinates": [
          -77.8669132,
          40.7935271
        ],
        "type": "Point"
      },
      "properties": {
        "amenity": "bicycle_parking",
        "capacity": "8",
        "bicycle_parking": "ground_slots"
      },
      "type": "Feature"
    },
    {
      "geometry": {
        "coordinates": [
          -77.8671173,
          40.793541
        ],
        "type": "Point"
      },
      "properties": {
        "amenity": "bicycle_parking",
        "bicycle_parking": "rack"
      },
      "type": "Feature"
    },
    {
      "geometry": {
        "coordinates": [
          -77.8602526,
          40.7953812
        ],
        "type": "Point"
      },
      "properties": {
        "amenity": "bicycle_parking",
        "capacity": "10",
        "bicycle_parking": "rack"
      },
      "type": "Feature"
    },
    {
      "geometry": {
        "coordinates": [
          -77.8568776,
          40.7960897
        ],
        "type": "Point"
      },
      "properties": {
        "amenity": "bicycle_parking",
        "capacity": "2",
        "bicycle_parking": "bollard"
      },
      "type": "Feature"
    },
    {
      "geometry": {
        "coordinates": [
          -77.8588909,
          40.7964011
        ],
        "type": "Point"
      },
      "properties": {
        "amenity": "bicycle_parking",
        "capacity": "2",
        "bicycle_parking": "bollard"
      },
      "type": "Feature"
    },
    {
      "geometry": {
        "coordinates": [
          -77.85843,
          40.7967713
        ],
        "type": "Point"
      },
      "properties": {
        "amenity": "bicycle_parking",
        "capacity": "2",
        "bicycle_parking": "bollard"
      },
      "type": "Feature"
    },
    {
      "geometry": {
        "coordinates": [
          -77.8696707,
          40.7911983
        ],
        "type": "Point"
      },
      "properties": {
        "amenity": "bicycle_parking",
        "fixme": "verify"
      },
      "type": "Feature"
    },
    {
      "geometry": {
        "coordinates": [
          -77.8689016,
          40.7912229
        ],
        "type": "Point"
      },
      "properties": {
        "amenity": "bicycle_parking",
        "fixme": "verify"
      },
      "type": "Feature"
    },
    {
      "geometry": {
        "coordinates": [
          -77.8703381,
          40.7913138
        ],
        "type": "Point"
      },
      "properties": {
        "amenity": "bicycle_parking",
        "fixme": "verify"
      },
      "type": "Feature"
    },
    {
      "geometry": {
        "coordinates": [
          -77.8683361,
          40.7921435
        ],
        "type": "Point"
      },
      "properties": {
        "amenity": "bicycle_parking",
        "fixme": "verify"
      },
      "type": "Feature"
    },
    {
      "geometry": {
        "coordinates": [
          -77.8710205,
          40.7922476
        ],
        "type": "Point"
      },
      "properties": {
        "amenity": "bicycle_parking",
        "fixme": "verify"
      },
      "type": "Feature"
    },
    {
      "geometry": {
        "coordinates": [
          -77.8694144,
          40.7922635
        ],
        "type": "Point"
      },
      "properties": {
        "amenity": "bicycle_parking",
        "fixme": "verify"
      },
      "type": "Feature"
    },
    {
      "geometry": {
        "coordinates": [
          -77.8703451,
          40.7923683
        ],
        "type": "Point"
      },
      "properties": {
        "amenity": "bicycle_parking",
        "fixme": "add capacity"
      },
      "type": "Feature"
    },
    {
      "geometry": {
        "coordinates": [
          -77.8677717,
          40.792482
        ],
        "type": "Point"
      },
      "properties": {
        "amenity": "bicycle_parking",
        "fixme": "verify"
      },
      "type": "Feature"
    },
    {
      "geometry": {
        "coordinates": [
          -77.8685584,
          40.792865
        ],
        "type": "Point"
      },
      "properties": {
        "amenity": "bicycle_parking",
        "fixme": "verify"
      },
      "type": "Feature"
    },
    {
      "geometry": {
        "coordinates": [
          -77.8659483,
          40.7929435
        ],
        "type": "Point"
      },
      "properties": {
        "amenity": "bicycle_parking",
        "fixme": "verify"
      },
      "type": "Feature"
    },
    {
      "geometry": {
        "coordinates": [
          -77.8695094,
          40.7930455
        ],
        "type": "Point"
      },
      "properties": {
        "amenity": "bicycle_parking",
        "fixme": "verify"
      },
      "type": "Feature"
    },
    {
      "geometry": {
        "coordinates": [
          -77.8639159,
          40.7931931
        ],
        "type": "Point"
      },
      "properties": {
        "amenity": "bicycle_parking",
        "fixme": "verify"
      },
      "type": "Feature"
    },
    {
      "geometry": {
        "coordinates": [
          -77.8683723,
          40.7933445
        ],
        "type": "Point"
      },
      "properties": {
        "amenity": "bicycle_parking",
        "fixme": "verify"
      },
      "type": "Feature"
    },
    {
      "geometry": {
        "coordinates": [
          -77.8677629,
          40.7935204
        ],
        "type": "Point"
      },
      "properties": {
        "amenity": "bicycle_parking",
        "fixme": "verify"
      },
      "type": "Feature"
    },
    {
      "geometry": {
        "coordinates": [
          -77.8645686,
          40.793746
        ],
        "type": "Point"
      },
      "properties": {
        "amenity": "bicycle_parking",
        "fixme": "verify"
      },
      "type": "Feature"
    },
    {
      "geometry": {
        "coordinates": [
          -77.8651381,
          40.7939259
        ],
        "type": "Point"
      },
      "properties": {
        "amenity": "bicycle_parking",
        "fixme": "verify"
      },
      "type": "Feature"
    },
    {
      "geometry": {
        "coordinates": [
          -77.8632014,
          40.793969
        ],
        "type": "Point"
      },
      "properties": {
        "amenity": "bicycle_parking",
        "fixme": "verify"
      },
      "type": "Feature"
    },
    {
      "geometry": {
        "coordinates": [
          -77.8622001,
          40.7942048
        ],
        "type": "Point"
      },
      "properties": {
        "amenity": "bicycle_parking",
        "fixme": "verify",
        "covered": "yes"
      },
      "type": "Feature"
    },
    {
      "geometry": {
        "coordinates": [
          -77.8658256,
          40.7942548
        ],
        "type": "Point"
      },
      "properties": {
        "amenity": "bicycle_parking",
        "fixme": "verify"
      },
      "type": "Feature"
    },
    {
      "geometry": {
        "coordinates": [
          -77.8620668,
          40.7942944
        ],
        "type": "Point"
      },
      "properties": {
        "amenity": "bicycle_parking",
        "fixme": "verify"
      },
      "type": "Feature"
    },
    {
      "geometry": {
        "coordinates": [
          -77.8668371,
          40.7944171
        ],
        "type": "Point"
      },
      "properties": {
        "amenity": "bicycle_parking",
        "fixme": "verify"
      },
      "type": "Feature"
    },
    {
      "geometry": {
        "coordinates": [
          -77.8682042,
          40.7946064
        ],
        "type": "Point"
      },
      "properties": {
        "amenity": "bicycle_parking",
        "fixme": "verify"
      },
      "type": "Feature"
    },
    {
      "geometry": {
        "coordinates": [
          -77.8623234,
          40.7947419
        ],
        "type": "Point"
      },
      "properties": {
        "amenity": "bicycle_parking",
        "fixme": "verify"
      },
      "type": "Feature"
    },
    {
      "geometry": {
        "coordinates": [
          -77.8651087,
          40.7947582
        ],
        "type": "Point"
      },
      "properties": {
        "amenity": "bicycle_parking",
        "fixme": "verify"
      },
      "type": "Feature"
    },
    {
      "geometry": {
        "coordinates": [
          -77.8639107,
          40.7947893
        ],
        "type": "Point"
      },
      "properties": {
        "amenity": "bicycle_parking",
        "fixme": "verify"
      },
      "type": "Feature"
    },
    {
      "geometry": {
        "coordinates": [
          -77.8627213,
          40.7950382
        ],
        "type": "Point"
      },
      "properties": {
        "amenity": "bicycle_parking",
        "fixme": "verify"
      },
      "type": "Feature"
    },
    {
      "geometry": {
        "coordinates": [
          -77.8632252,
          40.7950709
        ],
        "type": "Point"
      },
      "properties": {
        "amenity": "bicycle_parking",
        "fixme": "verify"
      },
      "type": "Feature"
    },
    {
      "geometry": {
        "coordinates": [
          -77.8646027,
          40.7951528
        ],
        "type": "Point"
      },
      "properties": {
        "amenity": "bicycle_parking",
        "fixme": "verify"
      },
      "type": "Feature"
    },
    {
      "geometry": {
        "coordinates": [
          -77.8638415,
          40.7953132
        ],
        "type": "Point"
      },
      "properties": {
        "amenity": "bicycle_parking",
        "fixme": "verify"
      },
      "type": "Feature"
    },
    {
      "geometry": {
        "coordinates": [
          -77.8655002,
          40.7953165
        ],
        "type": "Point"
      },
      "properties": {
        "amenity": "bicycle_parking",
        "fixme": "verify"
      },
      "type": "Feature"
    },
    {
      "geometry": {
        "coordinates": [
          -77.8692401,
          40.7955457
        ],
        "type": "Point"
      },
      "properties": {
        "amenity": "bicycle_parking",
        "fixme": "verify"
      },
      "type": "Feature"
    },
    {
      "geometry": {
        "coordinates": [
          -77.8638107,
          40.7959083
        ],
        "type": "Point"
      },
      "properties": {
        "amenity": "bicycle_parking",
        "fixme": "verify"
      },
      "type": "Feature"
    },
    {
      "geometry": {
        "coordinates": [
          -77.8639716,
          40.7960361
        ],
        "type": "Point"
      },
      "properties": {
        "amenity": "bicycle_parking",
        "fixme": "verify"
      },
      "type": "Feature"
    },
    {
      "geometry": {
        "coordinates": [
          -77.8606602,
          40.7960903
        ],
        "type": "Point"
      },
      "properties": {
        "amenity": "bicycle_parking",
        "fixme": "verify"
      },
      "type": "Feature"
    },
    {
      "geometry": {
        "coordinates": [
          -77.865036,
          40.7961854
        ],
        "type": "Point"
      },
      "properties": {
        "amenity": "bicycle_parking",
        "fixme": "verify"
      },
      "type": "Feature"
    },
    {
      "geometry": {
        "coordinates": [
          -77.8688096,
          40.7961991
        ],
        "type": "Point"
      },
      "properties": {
        "amenity": "bicycle_parking",
        "fixme": "verify"
      },
      "type": "Feature"
    },
    {
      "geometry": {
        "coordinates": [
          -77.8638217,
          40.7963503
        ],
        "type": "Point"
      },
      "properties": {
        "amenity": "bicycle_parking",
        "fixme": "verify"
      },
      "type": "Feature"
    },
    {
      "geometry": {
        "coordinates": [
          -77.8631666,
          40.7964796
        ],
        "type": "Point"
      },
      "properties": {
        "amenity": "bicycle_parking",
        "fixme": "verify"
      },
      "type": "Feature"
    },
    {
      "geometry": {
        "coordinates": [
          -77.8627758,
          40.7967419
        ],
        "type": "Point"
      },
      "properties": {
        "amenity": "bicycle_parking",
        "fixme": "verify"
      },
      "type": "Feature"
    },
    {
      "geometry": {
        "coordinates": [
          -77.8602359,
          40.7968035
        ],
        "type": "Point"
      },
      "properties": {
        "amenity": "bicycle_parking",
        "fixme": "verify"
      },
      "type": "Feature"
    },
    {
      "geometry": {
        "coordinates": [
          -77.8598809,
          40.7968417
        ],
        "type": "Point"
      },
      "properties": {
        "amenity": "bicycle_parking",
        "fixme": "verify"
      },
      "type": "Feature"
    },
    {
      "geometry": {
        "coordinates": [
          -77.8654376,
          40.7971906
        ],
        "type": "Point"
      },
      "properties": {
        "amenity": "bicycle_parking",
        "fixme": "verify"
      },
      "type": "Feature"
    },
    {
      "geometry": {
        "coordinates": [
          -77.8695988,
          40.7973225
        ],
        "type": "Point"
      },
      "properties": {
        "amenity": "bicycle_parking",
        "fixme": "verify"
      },
      "type": "Feature"
    },
    {
      "geometry": {
        "coordinates": [
          -77.8682017,
          40.7973693
        ],
        "type": "Point"
      },
      "properties": {
        "amenity": "bicycle_parking",
        "fixme": "verify"
      },
      "type": "Feature"
    },
    {
      "geometry": {
        "coordinates": [
          -77.8651676,
          40.7973899
        ],
        "type": "Point"
      },
      "properties": {
        "amenity": "bicycle_parking",
        "fixme": "verify"
      },
      "type": "Feature"
    },
    {
      "geometry": {
        "coordinates": [
          -77.8658594,
          40.7975335
        ],
        "type": "Point"
      },
      "properties": {
        "amenity": "bicycle_parking",
        "fixme": "verify"
      },
      "type": "Feature"
    },
    {
      "geometry": {
        "coordinates": [
          -77.8614498,
          40.7976056
        ],
        "type": "Point"
      },
      "properties": {
        "amenity": "bicycle_parking",
        "fixme": "verify"
      },
      "type": "Feature"
    },
    {
      "geometry": {
        "coordinates": [
          -77.8656541,
          40.7976855
        ],
        "type": "Point"
      },
      "properties": {
        "amenity": "bicycle_parking",
        "fixme": "verify"
      },
      "type": "Feature"
    },
    {
      "geometry": {
        "coordinates": [
          -77.8646031,
          40.7977092
        ],
        "type": "Point"
      },
      "properties": {
        "amenity": "bicycle_parking",
        "fixme": "verify",
        "covered": "yes"
      },
      "type": "Feature"
    },
    {
      "geometry": {
        "coordinates": [
          -77.8703877,
          40.7977547
        ],
        "type": "Point"
      },
      "properties": {
        "amenity": "bicycle_parking",
        "fixme": "verify"
      },
      "type": "Feature"
    },
    {
      "geometry": {
        "coordinates": [
          -77.8590889,
          40.7977813
        ],
        "type": "Point"
      },
      "properties": {
        "amenity": "bicycle_parking",
        "fixme": "verify"
      },
      "type": "Feature"
    },
    {
      "geometry": {
        "coordinates": [
          -77.8644045,
          40.797819
        ],
        "type": "Point"
      },
      "properties": {
        "amenity": "bicycle_parking",
        "fixme": "verify",
        "covered": "yes"
      },
      "type": "Feature"
    },
    {
      "geometry": {
        "coordinates": [
          -77.8654109,
          40.7979271
        ],
        "type": "Point"
      },
      "properties": {
        "amenity": "bicycle_parking",
        "fixme": "verify"
      },
      "type": "Feature"
    },
    {
      "geometry": {
        "coordinates": [
          -77.8619631,
          40.7980955
        ],
        "type": "Point"
      },
      "properties": {
        "amenity": "bicycle_parking",
        "fixme": "verify"
      },
      "type": "Feature"
    },
    {
      "geometry": {
        "coordinates": [
          -77.8704365,
          40.7981594
        ],
        "type": "Point"
      },
      "properties": {
        "amenity": "bicycle_parking",
        "fixme": "verify"
      },
      "type": "Feature"
    },
    {
      "geometry": {
        "coordinates": [
          -77.8703455,
          40.7982525
        ],
        "type": "Point"
      },
      "properties": {
        "amenity": "bicycle_parking",
        "fixme": "verify"
      },
      "type": "Feature"
    },
    {
      "geometry": {
        "coordinates": [
          -77.8680286,
          40.7983471
        ],
        "type": "Point"
      },
      "properties": {
        "amenity": "bicycle_parking",
        "fixme": "verify"
      },
      "type": "Feature"
    },
    {
      "geometry": {
        "coordinates": [
          -77.8593656,
          40.7984097
        ],
        "type": "Point"
      },
      "properties": {
        "amenity": "bicycle_parking",
        "fixme": "verify"
      },
      "type": "Feature"
    },
    {
      "geometry": {
        "coordinates": [
          -77.8599057,
          40.7984671
        ],
        "type": "Point"
      },
      "properties": {
        "amenity": "bicycle_parking",
        "fixme": "verify"
      },
      "type": "Feature"
    },
    {
      "geometry": {
        "coordinates": [
          -77.8629016,
          40.7985061
        ],
        "type": "Point"
      },
      "properties": {
        "amenity": "bicycle_parking",
        "fixme": "verify"
      },
      "type": "Feature"
    },
    {
      "geometry": {
        "coordinates": [
          -77.8671292,
          40.7985454
        ],
        "type": "Point"
      },
      "properties": {
        "amenity": "bicycle_parking",
        "fixme": "verify"
      },
      "type": "Feature"
    },
    {
      "geometry": {
        "coordinates": [
          -77.859205,
          40.798582
        ],
        "type": "Point"
      },
      "properties": {
        "amenity": "bicycle_parking",
        "fixme": "verify"
      },
      "type": "Feature"
    },
    {
      "geometry": {
        "coordinates": [
          -77.8603296,
          40.7987036
        ],
        "type": "Point"
      },
      "properties": {
        "amenity": "bicycle_parking",
        "fixme": "verify",
        "covered": "yes"
      },
      "type": "Feature"
    },
    {
      "geometry": {
        "coordinates": [
          -77.8618305,
          40.7989014
        ],
        "type": "Point"
      },
      "properties": {
        "amenity": "bicycle_parking",
        "fixme": "verify"
      },
      "type": "Feature"
    },
    {
      "geometry": {
        "coordinates": [
          -77.8640642,
          40.7989023
        ],
        "type": "Point"
      },
      "properties": {
        "amenity": "bicycle_parking",
        "fixme": "verify"
      },
      "type": "Feature"
    },
    {
      "geometry": {
        "coordinates": [
          -77.8605617,
          40.7989199
        ],
        "type": "Point"
      },
      "properties": {
        "amenity": "bicycle_parking",
        "fixme": "verify"
      },
      "type": "Feature"
    },
    {
      "geometry": {
        "coordinates": [
          -77.8688246,
          40.7990434
        ],
        "type": "Point"
      },
      "properties": {
        "amenity": "bicycle_parking",
        "fixme": "verify"
      },
      "type": "Feature"
    },
    {
      "geometry": {
        "coordinates": [
          -77.8624866,
          40.7991109
        ],
        "type": "Point"
      },
      "properties": {
        "amenity": "bicycle_parking",
        "fixme": "verify"
      },
      "type": "Feature"
    },
    {
      "geometry": {
        "coordinates": [
          -77.8595799,
          40.7991395
        ],
        "type": "Point"
      },
      "properties": {
        "amenity": "bicycle_parking",
        "fixme": "verify",
        "covered": "yes"
      },
      "type": "Feature"
    },
    {
      "geometry": {
        "coordinates": [
          -77.8667915,
          40.7991737
        ],
        "type": "Point"
      },
      "properties": {
        "amenity": "bicycle_parking",
        "fixme": "verify"
      },
      "type": "Feature"
    },
    {
      "geometry": {
        "coordinates": [
          -77.8611876,
          40.7991862
        ],
        "type": "Point"
      },
      "properties": {
        "amenity": "bicycle_parking",
        "fixme": "verify"
      },
      "type": "Feature"
    },
    {
      "geometry": {
        "coordinates": [
          -77.8645491,
          40.7992747
        ],
        "type": "Point"
      },
      "properties": {
        "amenity": "bicycle_parking",
        "fixme": "verify"
      },
      "type": "Feature"
    },
    {
      "geometry": {
        "coordinates": [
          -77.8613738,
          40.799486
        ],
        "type": "Point"
      },
      "properties": {
        "amenity": "bicycle_parking",
        "fixme": "verify"
      },
      "type": "Feature"
    },
    {
      "geometry": {
        "coordinates": [
          -77.8636402,
          40.7995518
        ],
        "type": "Point"
      },
      "properties": {
        "amenity": "bicycle_parking",
        "fixme": "verify"
      },
      "type": "Feature"
    },
    {
      "geometry": {
        "coordinates": [
          -77.8633278,
          40.7995685
        ],
        "type": "Point"
      },
      "properties": {
        "amenity": "bicycle_parking",
        "fixme": "verify"
      },
      "type": "Feature"
    },
    {
      "geometry": {
        "coordinates": [
          -77.8628955,
          40.7997143
        ],
        "type": "Point"
      },
      "properties": {
        "amenity": "bicycle_parking",
        "fixme": "verify"
      },
      "type": "Feature"
    },
    {
      "geometry": {
        "coordinates": [
          -77.8693066,
          40.799736
        ],
        "type": "Point"
      },
      "properties": {
        "amenity": "bicycle_parking",
        "fixme": "verify"
      },
      "type": "Feature"
    },
    {
      "geometry": {
        "coordinates": [
          -77.8671702,
          40.7997423
        ],
        "type": "Point"
      },
      "properties": {
        "amenity": "bicycle_parking",
        "fixme": "verify"
      },
      "type": "Feature"
    },
    {
      "geometry": {
        "coordinates": [
          -77.866004,
          40.7997907
        ],
        "type": "Point"
      },
      "properties": {
        "amenity": "bicycle_parking",
        "fixme": "verify"
      },
      "type": "Feature"
    },
    {
      "geometry": {
        "coordinates": [
          -77.8648331,
          40.7998719
        ],
        "type": "Point"
      },
      "properties": {
        "amenity": "bicycle_parking",
        "fixme": "verify"
      },
      "type": "Feature"
    },
    {
      "geometry": {
        "coordinates": [
          -77.8657957,
          40.7999054
        ],
        "type": "Point"
      },
      "properties": {
        "amenity": "bicycle_parking",
        "fixme": "verify"
      },
      "type": "Feature"
    },
    {
      "geometry": {
        "coordinates": [
          -77.8634225,
          40.799934
        ],
        "type": "Point"
      },
      "properties": {
        "amenity": "bicycle_parking",
        "fixme": "verify"
      },
      "type": "Feature"
    },
    {
      "geometry": {
        "coordinates": [
          -77.862684,
          40.7999699
        ],
        "type": "Point"
      },
      "properties": {
        "amenity": "bicycle_parking",
        "fixme": "verify"
      },
      "type": "Feature"
    },
    {
      "geometry": {
        "coordinates": [
          -77.8676621,
          40.8000112
        ],
        "type": "Point"
      },
      "properties": {
        "amenity": "bicycle_parking",
        "fixme": "verify"
      },
      "type": "Feature"
    },
    {
      "geometry": {
        "coordinates": [
          -77.8614706,
          40.8000905
        ],
        "type": "Point"
      },
      "properties": {
        "amenity": "bicycle_parking",
        "fixme": "verify"
      },
      "type": "Feature"
    },
    {
      "geometry": {
        "coordinates": [
          -77.8625452,
          40.8001156
        ],
        "type": "Point"
      },
      "properties": {
        "amenity": "bicycle_parking",
        "fixme": "verify"
      },
      "type": "Feature"
    },
    {
      "geometry": {
        "coordinates": [
          -77.8604122,
          40.8001817
        ],
        "type": "Point"
      },
      "properties": {
        "amenity": "bicycle_parking",
        "fixme": "verify"
      },
      "type": "Feature"
    },
    {
      "geometry": {
        "coordinates": [
          -77.8651766,
          40.8006822
        ],
        "type": "Point"
      },
      "properties": {
        "amenity": "bicycle_parking",
        "fixme": "verify"
      },
      "type": "Feature"
    },
    {
      "geometry": {
        "coordinates": [
          -77.8606662,
          40.8007315
        ],
        "type": "Point"
      },
      "properties": {
        "amenity": "bicycle_parking",
        "fixme": "verify"
      },
      "type": "Feature"
    },
    {
      "geometry": {
        "coordinates": [
          -77.8639684,
          40.800978
        ],
        "type": "Point"
      },
      "properties": {
        "amenity": "bicycle_parking",
        "fixme": "verify"
      },
      "type": "Feature"
    },
    {
      "geometry": {
        "coordinates": [
          -77.8624672,
          40.801047
        ],
        "type": "Point"
      },
      "properties": {
        "amenity": "bicycle_parking",
        "fixme": "verify"
      },
      "type": "Feature"
    },
    {
      "geometry": {
        "coordinates": [
          -77.8616693,
          40.8011407
        ],
        "type": "Point"
      },
      "properties": {
        "amenity": "bicycle_parking",
        "fixme": "verify"
      },
      "type": "Feature"
    },
    {
      "geometry": {
        "coordinates": [
          -77.8626625,
          40.8016153
        ],
        "type": "Point"
      },
      "properties": {
        "amenity": "bicycle_parking",
        "fixme": "verify"
      },
      "type": "Feature"
    },
    {
      "geometry": {
        "coordinates": [
          -77.8651311,
          40.8016313
        ],
        "type": "Point"
      },
      "properties": {
        "amenity": "bicycle_parking",
        "fixme": "verify"
      },
      "type": "Feature"
    },
    {
      "geometry": {
        "coordinates": [
          -77.8610277,
          40.8018877
        ],
        "type": "Point"
      },
      "properties": {
        "amenity": "bicycle_parking",
        "fixme": "verify"
      },
      "type": "Feature"
    },
    {
      "geometry": {
        "coordinates": [
          -77.8645537,
          40.8020656
        ],
        "type": "Point"
      },
      "properties": {
        "amenity": "bicycle_parking",
        "fixme": "verify"
      },
      "type": "Feature"
    },
    {
      "geometry": {
        "coordinates": [
          -77.8630638,
          40.8020998
        ],
        "type": "Point"
      },
      "properties": {
        "amenity": "bicycle_parking",
        "fixme": "verify"
      },
      "type": "Feature"
    },
    {
      "geometry": {
        "coordinates": [
          -77.8631731,
          40.8023426
        ],
        "type": "Point"
      },
      "properties": {
        "amenity": "bicycle_parking",
        "fixme": "verify"
      },
      "type": "Feature"
    },
    {
      "geometry": {
        "coordinates": [
          -77.8612222,
          40.8023671
        ],
        "type": "Point"
      },
      "properties": {
        "amenity": "bicycle_parking",
        "fixme": "verify",
        "covered": "yes"
      },
      "type": "Feature"
    },
    {
      "geometry": {
        "coordinates": [
          -77.8603351,
          40.802624
        ],
        "type": "Point"
      },
      "properties": {
        "amenity": "bicycle_parking",
        "fixme": "verify"
      },
      "type": "Feature"
    },
    {
      "geometry": {
        "coordinates": [
          -77.8642234,
          40.80267
        ],
        "type": "Point"
      },
      "properties": {
        "amenity": "bicycle_parking",
        "fixme": "verify"
      },
      "type": "Feature"
    },
    {
      "geometry": {
        "coordinates": [
          -77.8646203,
          40.8027186
        ],
        "type": "Point"
      },
      "properties": {
        "amenity": "bicycle_parking",
        "fixme": "verify"
      },
      "type": "Feature"
    },
    {
      "geometry": {
        "coordinates": [
          -77.8627882,
          40.8031811
        ],
        "type": "Point"
      },
      "properties": {
        "amenity": "bicycle_parking",
        "fixme": "verify"
      },
      "type": "Feature"
    },
    {
      "geometry": {
        "coordinates": [
          -77.8599956,
          40.8032141
        ],
        "type": "Point"
      },
      "properties": {
        "amenity": "bicycle_parking",
        "fixme": "verify"
      },
      "type": "Feature"
    },
    {
      "geometry": {
        "coordinates": [
          -77.8639087,
          40.8032867
        ],
        "type": "Point"
      },
      "properties": {
        "amenity": "bicycle_parking",
        "fixme": "verify"
      },
      "type": "Feature"
    },
    {
      "geometry": {
        "coordinates": [
          -77.8651834,
          40.8033175
        ],
        "type": "Point"
      },
      "properties": {
        "amenity": "bicycle_parking",
        "fixme": "verify"
      },
      "type": "Feature"
    },
    {
      "geometry": {
        "coordinates": [
          -77.8615314,
          40.8035423
        ],
        "type": "Point"
      },
      "properties": {
        "amenity": "bicycle_parking",
        "fixme": "verify"
      },
      "type": "Feature"
    },
    {
      "geometry": {
        "coordinates": [
          -77.8607056,
          40.8041465
        ],
        "type": "Point"
      },
      "properties": {
        "amenity": "bicycle_parking",
        "fixme": "verify"
      },
      "type": "Feature"
    },
    {
      "geometry": {
        "coordinates": [
          -77.8600402,
          40.8042004
        ],
        "type": "Point"
      },
      "properties": {
        "amenity": "bicycle_parking",
        "fixme": "verify"
      },
      "type": "Feature"
    },
    {
      "geometry": {
        "coordinates": [
          -77.8628442,
          40.8042508
        ],
        "type": "Point"
      },
      "properties": {
        "amenity": "bicycle_parking",
        "fixme": "verify",
        "covered": "yes"
      },
      "type": "Feature"
    },
    {
      "geometry": {
        "coordinates": [
          -77.8640132,
          40.8044666
        ],
        "type": "Point"
      },
      "properties": {
        "amenity": "bicycle_parking",
        "fixme": "verify"
      },
      "type": "Feature"
    },
    {
      "geometry": {
        "coordinates": [
          -77.8634857,
          40.8046717
        ],
        "type": "Point"
      },
      "properties": {
        "amenity": "bicycle_parking",
        "fixme": "verify",
        "covered": "yes"
      },
      "type": "Feature"
    },
    {
      "geometry": {
        "coordinates": [
          -77.8516951,
          40.8054006
        ],
        "type": "Point"
      },
      "properties": {
        "amenity": "bicycle_parking",
        "fixme": "verify"
      },
      "type": "Feature"
    },
    {
      "geometry": {
        "coordinates": [
          -77.8590792,
          40.8054222
        ],
        "type": "Point"
      },
      "properties": {
        "amenity": "bicycle_parking",
        "fixme": "verify"
      },
      "type": "Feature"
    },
    {
      "geometry": {
        "coordinates": [
          -77.8488355,
          40.8056668
        ],
        "type": "Point"
      },
      "properties": {
        "amenity": "bicycle_parking",
        "fixme": "verify"
      },
      "type": "Feature"
    },
    {
      "geometry": {
        "coordinates": [
          -77.8598213,
          40.8058093
        ],
        "type": "Point"
      },
      "properties": {
        "amenity": "bicycle_parking",
        "fixme": "verify"
      },
      "type": "Feature"
    },
    {
      "geometry": {
        "coordinates": [
          -77.8508954,
          40.8059869
        ],
        "type": "Point"
      },
      "properties": {
        "amenity": "bicycle_parking",
        "fixme": "verify"
      },
      "type": "Feature"
    },
    {
      "geometry": {
        "coordinates": [
          -77.8496687,
          40.8063973
        ],
        "type": "Point"
      },
      "properties": {
        "amenity": "bicycle_parking",
        "fixme": "verify"
      },
      "type": "Feature"
    },
    {
      "geometry": {
        "coordinates": [
          -77.8590825,
          40.807038
        ],
        "type": "Point"
      },
      "properties": {
        "amenity": "bicycle_parking",
        "fixme": "verify"
      },
      "type": "Feature"
    },
    {
      "geometry": {
        "coordinates": [
          -77.8565472,
          40.8083668
        ],
        "type": "Point"
      },
      "properties": {
        "amenity": "bicycle_parking",
        "fixme": "verify"
      },
      "type": "Feature"
    },
    {
      "geometry": {
        "coordinates": [
          -77.8531918,
          40.8085368
        ],
        "type": "Point"
      },
      "properties": {
        "amenity": "bicycle_parking",
        "fixme": "verify"
      },
      "type": "Feature"
    },
    {
      "geometry": {
        "coordinates": [
          -77.8548014,
          40.8091574
        ],
        "type": "Point"
      },
      "properties": {
        "amenity": "bicycle_parking",
        "fixme": "verify"
      },
      "type": "Feature"
    },
    {
      "geometry": {
        "coordinates": [
          -77.8568074,
          40.8094336
        ],
        "type": "Point"
      },
      "properties": {
        "amenity": "bicycle_parking",
        "fixme": "add capacity",
        "covered": "yes"
      },
      "type": "Feature"
    },
    {
      "geometry": {
        "coordinates": [
          -77.864525,
          40.7959486
        ],
        "type": "Point"
      },
      "properties": {
        "amenity": "bicycle_parking",
        "fixme": "add capacity"
      },
      "type": "Feature"
    },
    {
      "geometry": {
        "coordinates": [
          -77.8673205,
          40.7990837
        ],
        "type": "Point"
      },
      "properties": {
        "amenity": "bicycle_parking",
        "fixme": "verify"
      },
      "type": "Feature"
    },
    {
      "geometry": {
        "coordinates": [
          -77.8549257,
          40.8079274
        ],
        "type": "Point"
      },
      "properties": {
        "amenity": "bicycle_parking",
        "fixme": "verify"
      },
      "type": "Feature"
    },
    {
      "geometry": {
        "coordinates": [
          -77.8560156,
          40.8079683
        ],
        "type": "Point"
      },
      "properties": {
        "amenity": "bicycle_parking",
        "fixme": "verify"
      },
      "type": "Feature"
    },
    {
      "geometry": {
        "coordinates": [
          -77.8634319,
          40.8051624
        ],
        "type": "Point"
      },
      "properties": {
        "amenity": "bicycle_parking",
        "capacity": "16",
        "bicycle_parking": "rack"
      },
      "type": "Feature"
    },
    {
      "geometry": {
        "coordinates": [
          -77.8682851,
          40.807671
        ],
        "type": "Point"
      },
      "properties": {
        "amenity": "bicycle_parking",
        "capacity": "7",
        "bicycle_parking": "rack"
      },
      "type": "Feature"
    },
    {
      "geometry": {
        "coordinates": [
          -77.8636561,
          40.8042972
        ],
        "type": "Point"
      },
      "properties": {
        "amenity": "bicycle_parking",
        "fixme": "verify"
      },
      "type": "Feature"
    },
    {
      "geometry": {
        "coordinates": [
          -77.8675877,
          40.7992905
        ],
        "type": "Point"
      },
      "properties": {
        "amenity": "bicycle_parking",
        "fixme": "verify"
      },
      "type": "Feature"
    },
    {
      "geometry": {
        "coordinates": [
          -77.8662429,
          40.8083629
        ],
        "type": "Point"
      },
      "properties": {
        "amenity": "bicycle_parking",
        "capacity": "13",
        "bicycle_parking": "rack",
        "covered": "yes"
      },
      "type": "Feature"
    },
    {
      "geometry": {
        "coordinates": [
          -77.867637,
          40.8084453
        ],
        "type": "Point"
      },
      "properties": {
        "amenity": "bicycle_parking",
        "capacity": "16",
        "bicycle_parking": "rack"
      },
      "type": "Feature"
    },
    {
      "geometry": {
        "coordinates": [
          -77.8670182,
          40.81078
        ],
        "type": "Point"
      },
      "properties": {
        "amenity": "bicycle_parking",
        "capacity": "16",
        "bicycle_parking": "rack"
      },
      "type": "Feature"
    },
    {
      "geometry": {
        "coordinates": [
          -77.8717178,
          40.8109202
        ],
        "type": "Point"
      },
      "properties": {
        "amenity": "bicycle_parking",
        "capacity": "16",
        "bicycle_parking": "rack"
      },
      "type": "Feature"
    },
    {
      "geometry": {
        "coordinates": [
          -77.8697545,
          40.8117284
        ],
        "type": "Point"
      },
      "properties": {
        "amenity": "bicycle_parking",
        "capacity": "8",
        "bicycle_parking": "rack"
      },
      "type": "Feature"
    },
    {
      "geometry": {
        "coordinates": [
          -77.8686185,
          40.8117332
        ],
        "type": "Point"
      },
      "properties": {
        "amenity": "bicycle_parking",
        "capacity": "15",
        "bicycle_parking": "rack"
      },
      "type": "Feature"
    },
    {
      "geometry": {
        "coordinates": [
          -77.8668653,
          40.806882
        ],
        "type": "Point"
      },
      "properties": {
        "amenity": "bicycle_parking",
        "capacity": "15"
      },
      "type": "Feature"
    },
    {
      "geometry": {
        "coordinates": [
          -77.8670297,
          40.8069314
        ],
        "type": "Point"
      },
      "properties": {
        "amenity": "bicycle_parking",
        "capacity": "15"
      },
      "type": "Feature"
    },
    {
      "geometry": {
        "coordinates": [
          -77.867976,
          40.8066338
        ],
        "type": "Point"
      },
      "properties": {
        "amenity": "bicycle_parking",
        "capacity": "16",
        "bicycle_parking": "rack"
      },
      "type": "Feature"
    },
    {
      "geometry": {
        "coordinates": [
          -77.8662568,
          40.8083394
        ],
        "type": "Point"
      },
      "properties": {
        "amenity": "bicycle_parking",
        "capacity": "13",
        "bicycle_parking": "rack",
        "covered": "yes"
      },
      "type": "Feature"
    },
    {
      "geometry": {
        "coordinates": [
          -77.8669643,
          40.8095449
        ],
        "type": "Point"
      },
      "properties": {
        "amenity": "bicycle_parking",
        "capacity": "8",
        "bicycle_parking": "rack"
      },
      "type": "Feature"
    },
    {
      "geometry": {
        "coordinates": [
          -77.8669042,
          40.8107409
        ],
        "type": "Point"
      },
      "properties": {
        "amenity": "bicycle_parking",
        "capacity": "16",
        "bicycle_parking": "rack"
      },
      "type": "Feature"
    },
    {
      "geometry": {
        "coordinates": [
          -77.8669473,
          40.8107546
        ],
        "type": "Point"
      },
      "properties": {
        "amenity": "bicycle_parking",
        "capacity": "16",
        "bicycle_parking": "rack"
      },
      "type": "Feature"
    },
    {
      "geometry": {
        "coordinates": [
          -77.8670685,
          40.8107988
        ],
        "type": "Point"
      },
      "properties": {
        "amenity": "bicycle_parking",
        "capacity": "8",
        "bicycle_parking": "rack"
      },
      "type": "Feature"
    },
    {
      "geometry": {
        "coordinates": [
          -77.8665167,
          40.7932184
        ],
        "type": "Point"
      },
      "properties": {
        "amenity": "bicycle_parking",
        "capacity": "8",
        "bicycle_parking": "rack",
        "covered": "no"
      },
      "type": "Feature"
    }
  ],
  "type": "FeatureCollection"
}