<?xml version="1.0" encoding="UTF-8"?>
<metadata xml:lang="en"><Esri><CreaDate>20150326</CreaDate><CreaTime>11351000</CreaTime><SyncOnce>FALSE</SyncOnce><SyncDate>20131002</SyncDate><SyncTime>15144900</SyncTime><ModDate>20131002</ModDate><ModTime>15144900</ModTime><DataProperties><lineage><Process ToolSource="C:\Program Files\ArcGIS\ArcToolbox\Toolboxes\Data Management Tools.tbx\Merge" Date="20120803" Time="104349">Merge 'DELIVERY3.dwg Polyline';'DELIVERY2.dwg Polyline';'DELIVERY1.dwg Polyline';'DELIVERY4.dwg Polyline' "P:\OPPGIS\Work Control Center\Geodatabases\WorkControlCenter.gdb\ROOFS\T3_CAD_LINES" "Entity 'Entity' true true false 16 Text 0 0 ,First,#,DELIVERY3.dwg Polyline,Entity,-1,-1,DELIVERY2.dwg Polyline,Entity,-1,-1,DELIVERY1.dwg Polyline,Entity,-1,-1,DELIVERY4.dwg Polyline,Entity,-1,-1;Handle 'Handle' true true false 16 Text 0 0 ,First,#,DELIVERY3.dwg Polyline,Handle,-1,-1,DELIVERY2.dwg Polyline,Handle,-1,-1,DELIVERY1.dwg Polyline,Handle,-1,-1,DELIVERY4.dwg Polyline,Handle,-1,-1;Layer 'Layer' true true false 255 Text 0 0 ,First,#,DELIVERY3.dwg Polyline,Layer,-1,-1,DELIVERY2.dwg Polyline,Layer,-1,-1,DELIVERY1.dwg Polyline,Layer,-1,-1,DELIVERY4.dwg Polyline,Layer,-1,-1;LyrFrzn 'LyrFrzn' true true false 2 Short 0 0 ,First,#,DELIVERY3.dwg Polyline,LyrFrzn,-1,-1,DELIVERY2.dwg Polyline,LyrFrzn,-1,-1,DELIVERY1.dwg Polyline,LyrFrzn,-1,-1,DELIVERY4.dwg Polyline,LyrFrzn,-1,-1;LyrLock 'LyrLock' true true false 2 Short 0 0 ,First,#,DELIVERY3.dwg Polyline,LyrLock,-1,-1,DELIVERY2.dwg Polyline,LyrLock,-1,-1,DELIVERY1.dwg Polyline,LyrLock,-1,-1,DELIVERY4.dwg Polyline,LyrLock,-1,-1;LyrOn 'LyrOn' true true false 2 Short 0 0 ,First,#,DELIVERY3.dwg Polyline,LyrOn,-1,-1,DELIVERY2.dwg Polyline,LyrOn,-1,-1,DELIVERY1.dwg Polyline,LyrOn,-1,-1,DELIVERY4.dwg Polyline,LyrOn,-1,-1;LyrVPFrzn 'LyrVPFrzn' true true false 2 Short 0 0 ,First,#,DELIVERY3.dwg Polyline,LyrVPFrzn,-1,-1,DELIVERY2.dwg Polyline,LyrVPFrzn,-1,-1,DELIVERY1.dwg Polyline,LyrVPFrzn,-1,-1,DELIVERY4.dwg Polyline,LyrVPFrzn,-1,-1;LyrHandle 'LyrHandle' true true false 16 Text 0 0 ,First,#,DELIVERY3.dwg Polyline,LyrHandle,-1,-1,DELIVERY2.dwg Polyline,LyrHandle,-1,-1,DELIVERY1.dwg Polyline,LyrHandle,-1,-1,DELIVERY4.dwg Polyline,LyrHandle,-1,-1;Color 'Color' true true false 2 Short 0 0 ,First,#,DELIVERY3.dwg Polyline,Color,-1,-1,DELIVERY2.dwg Polyline,Color,-1,-1,DELIVERY1.dwg Polyline,Color,-1,-1,DELIVERY4.dwg Polyline,Color,-1,-1;EntColor 'EntColor' true true false 2 Short 0 0 ,First,#,DELIVERY3.dwg Polyline,EntColor,-1,-1,DELIVERY2.dwg Polyline,EntColor,-1,-1,DELIVERY1.dwg Polyline,EntColor,-1,-1,DELIVERY4.dwg Polyline,EntColor,-1,-1;LyrColor 'LyrColor' true true false 2 Short 0 0 ,First,#,DELIVERY3.dwg Polyline,LyrColor,-1,-1,DELIVERY2.dwg Polyline,LyrColor,-1,-1,DELIVERY1.dwg Polyline,LyrColor,-1,-1,DELIVERY4.dwg Polyline,LyrColor,-1,-1;BlkColor 'BlkColor' true true false 2 Short 0 0 ,First,#,DELIVERY3.dwg Polyline,BlkColor,-1,-1,DELIVERY2.dwg Polyline,BlkColor,-1,-1,DELIVERY1.dwg Polyline,BlkColor,-1,-1,DELIVERY4.dwg Polyline,BlkColor,-1,-1;Linetype 'Linetype' true true false 255 Text 0 0 ,First,#,DELIVERY3.dwg Polyline,Linetype,-1,-1,DELIVERY2.dwg Polyline,Linetype,-1,-1,DELIVERY1.dwg Polyline,Linetype,-1,-1,DELIVERY4.dwg Polyline,Linetype,-1,-1;EntLinetyp 'EntLinetyp' true true false 255 Text 0 0 ,First,#,DELIVERY3.dwg Polyline,EntLinetype,-1,-1;LyrLnType 'LyrLnType' true true false 255 Text 0 0 ,First,#,DELIVERY3.dwg Polyline,LyrLnType,-1,-1,DELIVERY2.dwg Polyline,LyrLnType,-1,-1,DELIVERY1.dwg Polyline,LyrLnType,-1,-1,DELIVERY4.dwg Polyline,LyrLnType,-1,-1;BlkLinetyp 'BlkLinetyp' true true false 255 Text 0 0 ,First,#,DELIVERY3.dwg Polyline,BlkLinetype,-1,-1;Elevation 'Elevation' true true false 8 Double 0 0 ,First,#,DELIVERY3.dwg Polyline,Elevation,-1,-1,DELIVERY2.dwg Polyline,Elevation,-1,-1,DELIVERY1.dwg Polyline,Elevation,-1,-1,DELIVERY4.dwg Polyline,Elevation,-1,-1;Thickness 'Thickness' true true false 8 Double 0 0 ,First,#,DELIVERY3.dwg Polyline,Thickness,-1,-1,DELIVERY2.dwg Polyline,Thickness,-1,-1,DELIVERY1.dwg Polyline,Thickness,-1,-1,DELIVERY4.dwg Polyline,Thickness,-1,-1;LineWt 'LineWt' true true false 2 Short 0 0 ,First,#,DELIVERY3.dwg Polyline,LineWt,-1,-1,DELIVERY2.dwg Polyline,LineWt,-1,-1,DELIVERY1.dwg Polyline,LineWt,-1,-1,DELIVERY4.dwg Polyline,LineWt,-1,-1;EntLineWt 'EntLineWt' true true false 2 Short 0 0 ,First,#,DELIVERY3.dwg Polyline,EntLineWt,-1,-1,DELIVERY2.dwg Polyline,EntLineWt,-1,-1,DELIVERY1.dwg Polyline,EntLineWt,-1,-1,DELIVERY4.dwg Polyline,EntLineWt,-1,-1;LyrLineWt 'LyrLineWt' true true false 2 Short 0 0 ,First,#,DELIVERY3.dwg Polyline,LyrLineWt,-1,-1,DELIVERY2.dwg Polyline,LyrLineWt,-1,-1,DELIVERY1.dwg Polyline,LyrLineWt,-1,-1,DELIVERY4.dwg Polyline,LyrLineWt,-1,-1;BlkLineWt 'BlkLineWt' true true false 2 Short 0 0 ,First,#,DELIVERY3.dwg Polyline,BlkLineWt,-1,-1,DELIVERY2.dwg Polyline,BlkLineWt,-1,-1,DELIVERY1.dwg Polyline,BlkLineWt,-1,-1,DELIVERY4.dwg Polyline,BlkLineWt,-1,-1;RefName 'RefName' true true false 255 Text 0 0 ,First,#,DELIVERY3.dwg Polyline,RefName,-1,-1,DELIVERY2.dwg Polyline,RefName,-1,-1,DELIVERY1.dwg Polyline,RefName,-1,-1,DELIVERY4.dwg Polyline,RefName,-1,-1;LTScale 'LTScale' true true false 8 Double 0 0 ,First,#,DELIVERY3.dwg Polyline,LTScale,-1,-1,DELIVERY2.dwg Polyline,LTScale,-1,-1,DELIVERY1.dwg Polyline,LTScale,-1,-1,DELIVERY4.dwg Polyline,LTScale,-1,-1;ExtX 'ExtX' true true false 8 Double 0 0 ,First,#,DELIVERY3.dwg Polyline,ExtX,-1,-1,DELIVERY2.dwg Polyline,ExtX,-1,-1,DELIVERY1.dwg Polyline,ExtX,-1,-1,DELIVERY4.dwg Polyline,ExtX,-1,-1;ExtY 'ExtY' true true false 8 Double 0 0 ,First,#,DELIVERY3.dwg Polyline,ExtY,-1,-1,DELIVERY2.dwg Polyline,ExtY,-1,-1,DELIVERY1.dwg Polyline,ExtY,-1,-1,DELIVERY4.dwg Polyline,ExtY,-1,-1;ExtZ 'ExtZ' true true false 8 Double 0 0 ,First,#,DELIVERY3.dwg Polyline,ExtZ,-1,-1,DELIVERY2.dwg Polyline,ExtZ,-1,-1,DELIVERY1.dwg Polyline,ExtZ,-1,-1,DELIVERY4.dwg Polyline,ExtZ,-1,-1;DocName 'DocName' true true false 255 Text 0 0 ,First,#,DELIVERY3.dwg Polyline,DocName,-1,-1,DELIVERY2.dwg Polyline,DocName,-1,-1,DELIVERY1.dwg Polyline,DocName,-1,-1,DELIVERY4.dwg Polyline,DocName,-1,-1;DocPath 'DocPath' true true false 4096 Text 0 0 ,First,#,DELIVERY3.dwg Polyline,DocPath,-1,-1,DELIVERY2.dwg Polyline,DocPath,-1,-1,DELIVERY1.dwg Polyline,DocPath,-1,-1,DELIVERY4.dwg Polyline,DocPath,-1,-1;DocType 'DocType' true true false 32 Text 0 0 ,First,#,DELIVERY3.dwg Polyline,DocType,-1,-1,DELIVERY2.dwg Polyline,DocType,-1,-1,DELIVERY1.dwg Polyline,DocType,-1,-1,DELIVERY4.dwg Polyline,DocType,-1,-1;DocVer 'DocVer' true true false 16 Text 0 0 ,First,#,DELIVERY3.dwg Polyline,DocVer,-1,-1,DELIVERY2.dwg Polyline,DocVer,-1,-1,DELIVERY1.dwg Polyline,DocVer,-1,-1,DELIVERY4.dwg Polyline,DocVer,-1,-1;EntLinet_1 'EntLinet_1' true true false 255 Text 0 0 ,First,#,DELIVERY2.dwg Polyline,EntLinetype,-1,-1;BlkLinet_1 'BlkLinet_1' true true false 255 Text 0 0 ,First,#,DELIVERY2.dwg Polyline,BlkLinetype,-1,-1;EntLinet_2 'EntLinet_2' true true false 255 Text 0 0 ,First,#,DELIVERY1.dwg Polyline,EntLinetype,-1,-1;BlkLinet_2 'BlkLinet_2' true true false 255 Text 0 0 ,First,#,DELIVERY1.dwg Polyline,BlkLinetype,-1,-1;EntLinet_3 'EntLinet_3' true true false 255 Text 0 0 ,First,#,DELIVERY4.dwg Polyline,EntLinetype,-1,-1;BlkLinet_3 'BlkLinet_3' true true false 255 Text 0 0 ,First,#,DELIVERY4.dwg Polyline,BlkLinetype,-1,-1"</Process><Process ToolSource="c:\program files (x86)\arcgis\desktop10.1\ArcToolbox\Toolboxes\Conversion Tools.tbx\FeatureClassToFeatureClass" Date="20130905" Time="172453">FeatureClassToFeatureClass T3_CAD_LINES C:\Users\mwalder\Documents\PSU_GIS\PSU_GIS.gdb\PSU_ROOF_LAYERS T3_CAD_Lines # "Entity "Entity" true true false 16 Text 0 0 ,First,#,C:\Users\mwalder\Documents\PSU_GIS\WorkControlCenter.gdb\ROOFS\T3_CAD_LINES,Entity,-1,-1;Handle "Handle" true true false 16 Text 0 0 ,First,#,C:\Users\mwalder\Documents\PSU_GIS\WorkControlCenter.gdb\ROOFS\T3_CAD_LINES,Handle,-1,-1;Layer "Layer" true true false 255 Text 0 0 ,First,#,C:\Users\mwalder\Documents\PSU_GIS\WorkControlCenter.gdb\ROOFS\T3_CAD_LINES,Layer,-1,-1;LyrFrzn "LyrFrzn" true true false 2 Short 0 0 ,First,#,C:\Users\mwalder\Documents\PSU_GIS\WorkControlCenter.gdb\ROOFS\T3_CAD_LINES,LyrFrzn,-1,-1;LyrLock "LyrLock" true true false 2 Short 0 0 ,First,#,C:\Users\mwalder\Documents\PSU_GIS\WorkControlCenter.gdb\ROOFS\T3_CAD_LINES,LyrLock,-1,-1;LyrOn "LyrOn" true true false 2 Short 0 0 ,First,#,C:\Users\mwalder\Documents\PSU_GIS\WorkControlCenter.gdb\ROOFS\T3_CAD_LINES,LyrOn,-1,-1;LyrVPFrzn "LyrVPFrzn" true true false 2 Short 0 0 ,First,#,C:\Users\mwalder\Documents\PSU_GIS\WorkControlCenter.gdb\ROOFS\T3_CAD_LINES,LyrVPFrzn,-1,-1;LyrHandle "LyrHandle" true true false 16 Text 0 0 ,First,#,C:\Users\mwalder\Documents\PSU_GIS\WorkControlCenter.gdb\ROOFS\T3_CAD_LINES,LyrHandle,-1,-1;Color "Color" true true false 2 Short 0 0 ,First,#,C:\Users\mwalder\Documents\PSU_GIS\WorkControlCenter.gdb\ROOFS\T3_CAD_LINES,Color,-1,-1;EntColor "EntColor" true true false 2 Short 0 0 ,First,#,C:\Users\mwalder\Documents\PSU_GIS\WorkControlCenter.gdb\ROOFS\T3_CAD_LINES,EntColor,-1,-1;LyrColor "LyrColor" true true false 2 Short 0 0 ,First,#,C:\Users\mwalder\Documents\PSU_GIS\WorkControlCenter.gdb\ROOFS\T3_CAD_LINES,LyrColor,-1,-1;BlkColor "BlkColor" true true false 2 Short 0 0 ,First,#,C:\Users\mwalder\Documents\PSU_GIS\WorkControlCenter.gdb\ROOFS\T3_CAD_LINES,BlkColor,-1,-1;Linetype "Linetype" true true false 255 Text 0 0 ,First,#,C:\Users\mwalder\Documents\PSU_GIS\WorkControlCenter.gdb\ROOFS\T3_CAD_LINES,Linetype,-1,-1;EntLinetyp "EntLinetyp" true true false 255 Text 0 0 ,First,#,C:\Users\mwalder\Documents\PSU_GIS\WorkControlCenter.gdb\ROOFS\T3_CAD_LINES,EntLinetyp,-1,-1;LyrLnType "LyrLnType" true true false 255 Text 0 0 ,First,#,C:\Users\mwalder\Documents\PSU_GIS\WorkControlCenter.gdb\ROOFS\T3_CAD_LINES,LyrLnType,-1,-1;BlkLinetyp "BlkLinetyp" true true false 255 Text 0 0 ,First,#,C:\Users\mwalder\Documents\PSU_GIS\WorkControlCenter.gdb\ROOFS\T3_CAD_LINES,BlkLinetyp,-1,-1;Elevation "Elevation" true true false 8 Double 0 0 ,First,#,C:\Users\mwalder\Documents\PSU_GIS\WorkControlCenter.gdb\ROOFS\T3_CAD_LINES,Elevation,-1,-1;Thickness "Thickness" true true false 8 Double 0 0 ,First,#,C:\Users\mwalder\Documents\PSU_GIS\WorkControlCenter.gdb\ROOFS\T3_CAD_LINES,Thickness,-1,-1;LineWt "LineWt" true true false 2 Short 0 0 ,First,#,C:\Users\mwalder\Documents\PSU_GIS\WorkControlCenter.gdb\ROOFS\T3_CAD_LINES,LineWt,-1,-1;EntLineWt "EntLineWt" true true false 2 Short 0 0 ,First,#,C:\Users\mwalder\Documents\PSU_GIS\WorkControlCenter.gdb\ROOFS\T3_CAD_LINES,EntLineWt,-1,-1;LyrLineWt "LyrLineWt" true true false 2 Short 0 0 ,First,#,C:\Users\mwalder\Documents\PSU_GIS\WorkControlCenter.gdb\ROOFS\T3_CAD_LINES,LyrLineWt,-1,-1;BlkLineWt "BlkLineWt" true true false 2 Short 0 0 ,First,#,C:\Users\mwalder\Documents\PSU_GIS\WorkControlCenter.gdb\ROOFS\T3_CAD_LINES,BlkLineWt,-1,-1;RefName "RefName" true true false 255 Text 0 0 ,First,#,C:\Users\mwalder\Documents\PSU_GIS\WorkControlCenter.gdb\ROOFS\T3_CAD_LINES,RefName,-1,-1;LTScale "LTScale" true true false 8 Double 0 0 ,First,#,C:\Users\mwalder\Documents\PSU_GIS\WorkControlCenter.gdb\ROOFS\T3_CAD_LINES,LTScale,-1,-1;ExtX "ExtX" true true false 8 Double 0 0 ,First,#,C:\Users\mwalder\Documents\PSU_GIS\WorkControlCenter.gdb\ROOFS\T3_CAD_LINES,ExtX,-1,-1;ExtY "ExtY" true true false 8 Double 0 0 ,First,#,C:\Users\mwalder\Documents\PSU_GIS\WorkControlCenter.gdb\ROOFS\T3_CAD_LINES,ExtY,-1,-1;ExtZ "ExtZ" true true false 8 Double 0 0 ,First,#,C:\Users\mwalder\Documents\PSU_GIS\WorkControlCenter.gdb\ROOFS\T3_CAD_LINES,ExtZ,-1,-1;DocName "DocName" true true false 255 Text 0 0 ,First,#,C:\Users\mwalder\Documents\PSU_GIS\WorkControlCenter.gdb\ROOFS\T3_CAD_LINES,DocName,-1,-1;DocPath "DocPath" true true false 4096 Text 0 0 ,First,#,C:\Users\mwalder\Documents\PSU_GIS\WorkControlCenter.gdb\ROOFS\T3_CAD_LINES,DocPath,-1,-1;DocType "DocType" true true false 32 Text 0 0 ,First,#,C:\Users\mwalder\Documents\PSU_GIS\WorkControlCenter.gdb\ROOFS\T3_CAD_LINES,DocType,-1,-1;DocVer "DocVer" true true false 16 Text 0 0 ,First,#,C:\Users\mwalder\Documents\PSU_GIS\WorkControlCenter.gdb\ROOFS\T3_CAD_LINES,DocVer,-1,-1;EntLinet_1 "EntLinet_1" true true false 255 Text 0 0 ,First,#,C:\Users\mwalder\Documents\PSU_GIS\WorkControlCenter.gdb\ROOFS\T3_CAD_LINES,EntLinet_1,-1,-1;BlkLinet_1 "BlkLinet_1" true true false 255 Text 0 0 ,First,#,C:\Users\mwalder\Documents\PSU_GIS\WorkControlCenter.gdb\ROOFS\T3_CAD_LINES,BlkLinet_1,-1,-1;EntLinet_2 "EntLinet_2" true true false 255 Text 0 0 ,First,#,C:\Users\mwalder\Documents\PSU_GIS\WorkControlCenter.gdb\ROOFS\T3_CAD_LINES,EntLinet_2,-1,-1;BlkLinet_2 "BlkLinet_2" true true false 255 Text 0 0 ,First,#,C:\Users\mwalder\Documents\PSU_GIS\WorkControlCenter.gdb\ROOFS\T3_CAD_LINES,BlkLinet_2,-1,-1;EntLinet_3 "EntLinet_3" true true false 255 Text 0 0 ,First,#,C:\Users\mwalder\Documents\PSU_GIS\WorkControlCenter.gdb\ROOFS\T3_CAD_LINES,EntLinet_3,-1,-1;BlkLinet_3 "BlkLinet_3" true true false 255 Text 0 0 ,First,#,C:\Users\mwalder\Documents\PSU_GIS\WorkControlCenter.gdb\ROOFS\T3_CAD_LINES,BlkLinet_3,-1,-1;Shape_Length "Shape_Length" false true true 8 Double 0 0 ,First,#,C:\Users\mwalder\Documents\PSU_GIS\WorkControlCenter.gdb\ROOFS\T3_CAD_LINES,Shape_Length,-1,-1" #</Process><Process ToolSource="c:\program files (x86)\arcgis\desktop10.1\ArcToolbox\Toolboxes\Data Management Tools.tbx\CopyFeatures" Date="20130905" Time="173131">CopyFeatures C:\Users\mwalder\Documents\PSU_GIS\PSU_GIS.gdb\PSU_ROOF_LAYERS\T3_CAD_Lines "C:\Users\mwalder\Documents\PSU BASE MAPS\Simplified PSU layers\T3_CAD_Lines.shp" # 0 0 0</Process><Process ToolSource="D:\Program Files (x86)\ArcGIS\ArcToolbox\Toolboxes\Data Management Tools.tbx\Analyze" Date="20131008" Time="223852">Analyze "Database Connections\gis_oppgis_thebridge.sde\GIS_OPPGIS.WCC\GIS_OPPGIS.Roof_Detail" BUSINESS;FEATURE;ADDS;DELETES "Database Connections\gis_oppgis_thebridge.sde\GIS_OPPGIS.WCC\GIS_OPPGIS.Roof_Detail"</Process><Process ToolSource="D:\Program Files (x86)\ArcGIS\ArcToolbox\Toolboxes\Data Management Tools.tbx\Analyze" Date="20131015" Time="220641">Analyze "Database Connections\gis_oppgis_thebridge.sde\GIS_OPPGIS.WCC\GIS_OPPGIS.Roof_Detail" BUSINESS;FEATURE;ADDS;DELETES "Database Connections\gis_oppgis_thebridge.sde\GIS_OPPGIS.WCC\GIS_OPPGIS.Roof_Detail"</Process><Process ToolSource="D:\Program Files (x86)\ArcGIS\ArcToolbox\Toolboxes\Data Management Tools.tbx\Analyze" Date="20131022" Time="221019">Analyze "Database Connections\gis_oppgis_thebridge.sde\GIS_OPPGIS.WCC\GIS_OPPGIS.Roof_Detail" BUSINESS;FEATURE;ADDS;DELETES "Database Connections\gis_oppgis_thebridge.sde\GIS_OPPGIS.WCC\GIS_OPPGIS.Roof_Detail"</Process><Process ToolSource="D:\Program Files (x86)\ArcGIS\ArcToolbox\Toolboxes\Data Management Tools.tbx\Analyze" Date="20131029" Time="215655">Analyze "Database Connections\gis_oppgis_thebridge.sde\GIS_OPPGIS.WCC\GIS_OPPGIS.Roof_Detail" BUSINESS;FEATURE;ADDS;DELETES "Database Connections\gis_oppgis_thebridge.sde\GIS_OPPGIS.WCC\GIS_OPPGIS.Roof_Detail"</Process><Process ToolSource="D:\Program Files (x86)\ArcGIS\ArcToolbox\Toolboxes\Data Management Tools.tbx\Analyze" Date="20131224" Time="221155">Analyze "Database Connections\gis_oppgis_thebridge.sde\GIS_OPPGIS.WCC\GIS_OPPGIS.Roof_Detail" BUSINESS;FEATURE;ADDS;DELETES "Database Connections\gis_oppgis_thebridge.sde\GIS_OPPGIS.WCC\GIS_OPPGIS.Roof_Detail"</Process><Process ToolSource="D:\Program Files (x86)\ArcGIS\ArcToolbox\Toolboxes\Data Management Tools.tbx\Analyze" Date="20140107" Time="215458">Analyze "Database Connections\gis_oppgis_thebridge.sde\GIS_OPPGIS.WCC\GIS_OPPGIS.Roof_Detail_Lines" BUSINESS;FEATURE;ADDS;DELETES "Database Connections\gis_oppgis_thebridge.sde\GIS_OPPGIS.WCC\GIS_OPPGIS.Roof_Detail_Lines"</Process><Process ToolSource="D:\Program Files (x86)\ArcGIS\ArcToolbox\Toolboxes\Data Management Tools.tbx\Analyze" Date="20140114" Time="215958">Analyze "Database Connections\gis_oppgis_thebridge.sde\GIS_OPPGIS.WCC\GIS_OPPGIS.Roof_Detail_Lines" BUSINESS;FEATURE;ADDS;DELETES "Database Connections\gis_oppgis_thebridge.sde\GIS_OPPGIS.WCC\GIS_OPPGIS.Roof_Detail_Lines"</Process><Process ToolSource="D:\Program Files (x86)\ArcGIS\ArcToolbox\Toolboxes\Data Management Tools.tbx\Analyze" Date="20140121" Time="222031">Analyze "Database Connections\gis_oppgis_thebridge.sde\GIS_OPPGIS.WCC\GIS_OPPGIS.Roof_Detail_Lines" BUSINESS;FEATURE;ADDS;DELETES "Database Connections\gis_oppgis_thebridge.sde\GIS_OPPGIS.WCC\GIS_OPPGIS.Roof_Detail_Lines"</Process><Process ToolSource="D:\Program Files (x86)\ArcGIS\ArcToolbox\Toolboxes\Data Management Tools.tbx\Analyze" Date="20140128" Time="220031">Analyze "Database Connections\gis_oppgis_thebridge.sde\GIS_OPPGIS.WCC\GIS_OPPGIS.Roof_Detail_Lines" BUSINESS;FEATURE;ADDS;DELETES "Database Connections\gis_oppgis_thebridge.sde\GIS_OPPGIS.WCC\GIS_OPPGIS.Roof_Detail_Lines"</Process><Process ToolSource="D:\Program Files (x86)\ArcGIS\ArcToolbox\Toolboxes\Data Management Tools.tbx\Analyze" Date="20140211" Time="220122">Analyze "Database Connections\gis_oppgis_thebridge.sde\GIS_OPPGIS.WCC\GIS_OPPGIS.Roof_Detail_Lines" BUSINESS;FEATURE;ADDS;DELETES "Database Connections\gis_oppgis_thebridge.sde\GIS_OPPGIS.WCC\GIS_OPPGIS.Roof_Detail_Lines"</Process><Process ToolSource="D:\Program Files (x86)\ArcGIS\ArcToolbox\Toolboxes\Data Management Tools.tbx\Analyze" Date="20140218" Time="222128">Analyze "Database Connections\gis_oppgis_thebridge.sde\GIS_OPPGIS.WCC\GIS_OPPGIS.Roof_Detail_Lines" BUSINESS;FEATURE;ADDS;DELETES "Database Connections\gis_oppgis_thebridge.sde\GIS_OPPGIS.WCC\GIS_OPPGIS.Roof_Detail_Lines"</Process><Process ToolSource="D:\Program Files (x86)\ArcGIS\ArcToolbox\Toolboxes\Data Management Tools.tbx\Analyze" Date="20140225" Time="230140">Analyze "Database Connections\gis_oppgis_thebridge.sde\GIS_OPPGIS.WCC\GIS_OPPGIS.Roof_Detail_Lines" BUSINESS;FEATURE;ADDS;DELETES "Database Connections\gis_oppgis_thebridge.sde\GIS_OPPGIS.WCC\GIS_OPPGIS.Roof_Detail_Lines"</Process><Process ToolSource="D:\Program Files (x86)\ArcGIS\ArcToolbox\Toolboxes\Data Management Tools.tbx\Analyze" Date="20140304" Time="222503">Analyze "Database Connections\gis_oppgis_thebridge.sde\GIS_OPPGIS.WCC\GIS_OPPGIS.Roof_Detail_Lines" BUSINESS;FEATURE;ADDS;DELETES "Database Connections\gis_oppgis_thebridge.sde\GIS_OPPGIS.WCC\GIS_OPPGIS.Roof_Detail_Lines"</Process><Process ToolSource="D:\Program Files (x86)\ArcGIS\ArcToolbox\Toolboxes\Data Management Tools.tbx\Analyze" Date="20140311" Time="222233">Analyze "Database Connections\gis_oppgis_thebridge.sde\GIS_OPPGIS.WCC\GIS_OPPGIS.Roof_Detail_Lines" BUSINESS;FEATURE;ADDS;DELETES "Database Connections\gis_oppgis_thebridge.sde\GIS_OPPGIS.WCC\GIS_OPPGIS.Roof_Detail_Lines"</Process><Process ToolSource="D:\Program Files (x86)\ArcGIS\ArcToolbox\Toolboxes\Data Management Tools.tbx\Analyze" Date="20140318" Time="215959">Analyze "Database Connections\gis_oppgis_thebridge.sde\GIS_OPPGIS.WCC\GIS_OPPGIS.Roof_Detail_Lines" BUSINESS;FEATURE;ADDS;DELETES "Database Connections\gis_oppgis_thebridge.sde\GIS_OPPGIS.WCC\GIS_OPPGIS.Roof_Detail_Lines"</Process><Process ToolSource="D:\Program Files (x86)\ArcGIS\ArcToolbox\Toolboxes\Data Management Tools.tbx\Analyze" Date="20140325" Time="222058">Analyze "Database Connections\gis_oppgis_thebridge.sde\GIS_OPPGIS.WCC\GIS_OPPGIS.Roof_Detail_Lines" BUSINESS;FEATURE;ADDS;DELETES "Database Connections\gis_oppgis_thebridge.sde\GIS_OPPGIS.WCC\GIS_OPPGIS.Roof_Detail_Lines"</Process><Process ToolSource="D:\Program Files (x86)\ArcGIS\ArcToolbox\Toolboxes\Data Management Tools.tbx\Analyze" Date="20140401" Time="221946">Analyze "Database Connections\gis_oppgis_thebridge.sde\GIS_OPPGIS.WCC\GIS_OPPGIS.Roof_Detail_Lines" BUSINESS;FEATURE;ADDS;DELETES "Database Connections\gis_oppgis_thebridge.sde\GIS_OPPGIS.WCC\GIS_OPPGIS.Roof_Detail_Lines"</Process><Process ToolSource="D:\Program Files (x86)\ArcGIS\ArcToolbox\Toolboxes\Data Management Tools.tbx\Analyze" Date="20140408" Time="221850">Analyze "Database Connections\gis_oppgis_thebridge.sde\GIS_OPPGIS.WCC\GIS_OPPGIS.Roof_Detail_Lines" BUSINESS;FEATURE;ADDS;DELETES "Database Connections\gis_oppgis_thebridge.sde\GIS_OPPGIS.WCC\GIS_OPPGIS.Roof_Detail_Lines"</Process><Process ToolSource="D:\Program Files (x86)\ArcGIS\ArcToolbox\Toolboxes\Data Management Tools.tbx\Analyze" Date="20140415" Time="222124">Analyze "Database Connections\gis_oppgis_thebridge.sde\GIS_OPPGIS.WCC\GIS_OPPGIS.Roof_Detail_Lines" BUSINESS;FEATURE;ADDS;DELETES "Database Connections\gis_oppgis_thebridge.sde\GIS_OPPGIS.WCC\GIS_OPPGIS.Roof_Detail_Lines"</Process><Process ToolSource="D:\Program Files (x86)\ArcGIS\ArcToolbox\Toolboxes\Data Management Tools.tbx\Analyze" Date="20140422" Time="221830">Analyze "Database Connections\gis_oppgis_thebridge.sde\GIS_OPPGIS.WCC\GIS_OPPGIS.Roof_Detail_Lines" BUSINESS;FEATURE;ADDS;DELETES "Database Connections\gis_oppgis_thebridge.sde\GIS_OPPGIS.WCC\GIS_OPPGIS.Roof_Detail_Lines"</Process><Process ToolSource="D:\Program Files (x86)\ArcGIS\ArcToolbox\Toolboxes\Data Management Tools.tbx\Analyze" Date="20140506" Time="222603">Analyze "Database Connections\gis_oppgis_thebridge.sde\GIS_OPPGIS.WCC\GIS_OPPGIS.Roof_Detail_Lines" BUSINESS;FEATURE;ADDS;DELETES "Database Connections\gis_oppgis_thebridge.sde\GIS_OPPGIS.WCC\GIS_OPPGIS.Roof_Detail_Lines"</Process><Process ToolSource="D:\Program Files (x86)\ArcGIS\ArcToolbox\Toolboxes\Data Management Tools.tbx\Analyze" Date="20140513" Time="222054">Analyze "Database Connections\gis_oppgis_thebridge.sde\GIS_OPPGIS.WCC\GIS_OPPGIS.Roof_Detail_Lines" BUSINESS;FEATURE;ADDS;DELETES "Database Connections\gis_oppgis_thebridge.sde\GIS_OPPGIS.WCC\GIS_OPPGIS.Roof_Detail_Lines"</Process><Process ToolSource="D:\Program Files (x86)\ArcGIS\ArcToolbox\Toolboxes\Data Management Tools.tbx\Analyze" Date="20140520" Time="222001">Analyze "Database Connections\gis_oppgis_thebridge.sde\GIS_OPPGIS.WCC\GIS_OPPGIS.Roof_Detail_Lines" BUSINESS;FEATURE;ADDS;DELETES "Database Connections\gis_oppgis_thebridge.sde\GIS_OPPGIS.WCC\GIS_OPPGIS.Roof_Detail_Lines"</Process><Process ToolSource="D:\Program Files (x86)\ArcGIS\ArcToolbox\Toolboxes\Data Management Tools.tbx\Analyze" Date="20140527" Time="222446">Analyze "Database Connections\gis_oppgis_thebridge.sde\GIS_OPPGIS.WCC\GIS_OPPGIS.Roof_Detail_Lines" BUSINESS;FEATURE;ADDS;DELETES "Database Connections\gis_oppgis_thebridge.sde\GIS_OPPGIS.WCC\GIS_OPPGIS.Roof_Detail_Lines"</Process><Process ToolSource="D:\Program Files (x86)\ArcGIS\ArcToolbox\Toolboxes\Data Management Tools.tbx\Analyze" Date="20140603" Time="221813">Analyze "Database Connections\gis_oppgis_thebridge.sde\GIS_OPPGIS.WCC\GIS_OPPGIS.Roof_Detail_Lines" BUSINESS;FEATURE;ADDS;DELETES "Database Connections\gis_oppgis_thebridge.sde\GIS_OPPGIS.WCC\GIS_OPPGIS.Roof_Detail_Lines"</Process><Process ToolSource="D:\Program Files (x86)\ArcGIS\ArcToolbox\Toolboxes\Data Management Tools.tbx\Analyze" Date="20140610" Time="221704">Analyze "Database Connections\gis_oppgis_thebridge.sde\GIS_OPPGIS.WCC\GIS_OPPGIS.Roof_Detail_Lines" BUSINESS;FEATURE;ADDS;DELETES "Database Connections\gis_oppgis_thebridge.sde\GIS_OPPGIS.WCC\GIS_OPPGIS.Roof_Detail_Lines"</Process><Process ToolSource="D:\Program Files (x86)\ArcGIS\ArcToolbox\Toolboxes\Data Management Tools.tbx\Analyze" Date="20140617" Time="223432">Analyze "Database Connections\gis_oppgis_thebridge.sde\GIS_OPPGIS.WCC\GIS_OPPGIS.Roof_Detail_Lines" BUSINESS;FEATURE;ADDS;DELETES "Database Connections\gis_oppgis_thebridge.sde\GIS_OPPGIS.WCC\GIS_OPPGIS.Roof_Detail_Lines"</Process><Process ToolSource="D:\Program Files (x86)\ArcGIS\ArcToolbox\Toolboxes\Data Management Tools.tbx\Analyze" Date="20140624" Time="224812">Analyze "Database Connections\gis_oppgis_thebridge.sde\GIS_OPPGIS.WCC\GIS_OPPGIS.Roof_Detail_Lines" BUSINESS;FEATURE;ADDS;DELETES "Database Connections\gis_oppgis_thebridge.sde\GIS_OPPGIS.WCC\GIS_OPPGIS.Roof_Detail_Lines"</Process><Process ToolSource="D:\Program Files (x86)\ArcGIS\ArcToolbox\Toolboxes\Data Management Tools.tbx\Analyze" Date="20140715" Time="222502">Analyze "Database Connections\gis_oppgis_thebridge.sde\GIS_OPPGIS.WCC\GIS_OPPGIS.Roof_Detail_Lines" BUSINESS;FEATURE;ADDS;DELETES "Database Connections\gis_oppgis_thebridge.sde\GIS_OPPGIS.WCC\GIS_OPPGIS.Roof_Detail_Lines"</Process><Process ToolSource="D:\Program Files (x86)\ArcGIS\ArcToolbox\Toolboxes\Data Management Tools.tbx\Analyze" Date="20140722" Time="222639">Analyze "Database Connections\gis_oppgis_thebridge.sde\GIS_OPPGIS.WCC\GIS_OPPGIS.Roof_Detail_Lines" BUSINESS;FEATURE;ADDS;DELETES "Database Connections\gis_oppgis_thebridge.sde\GIS_OPPGIS.WCC\GIS_OPPGIS.Roof_Detail_Lines"</Process><Process ToolSource="D:\Program Files (x86)\ArcGIS\ArcToolbox\Toolboxes\Data Management Tools.tbx\Analyze" Date="20140805" Time="222550">Analyze "Database Connections\gis_oppgis_thebridge.sde\GIS_OPPGIS.WCC\GIS_OPPGIS.Roof_Detail_Lines" BUSINESS;FEATURE;ADDS;DELETES "Database Connections\gis_oppgis_thebridge.sde\GIS_OPPGIS.WCC\GIS_OPPGIS.Roof_Detail_Lines"</Process><Process ToolSource="D:\Program Files (x86)\ArcGIS\ArcToolbox\Toolboxes\Data Management Tools.tbx\Analyze" Date="20140812" Time="224015">Analyze "Database Connections\gis_oppgis_thebridge.sde\GIS_OPPGIS.WCC\GIS_OPPGIS.Roof_Detail_Lines" BUSINESS;FEATURE;ADDS;DELETES "Database Connections\gis_oppgis_thebridge.sde\GIS_OPPGIS.WCC\GIS_OPPGIS.Roof_Detail_Lines"</Process><Process ToolSource="D:\Program Files (x86)\ArcGIS\ArcToolbox\Toolboxes\Data Management Tools.tbx\Analyze" Date="20140819" Time="223404">Analyze "Database Connections\gis_oppgis_thebridge.sde\GIS_OPPGIS.WCC\GIS_OPPGIS.Roof_Detail_Lines" BUSINESS;FEATURE;ADDS;DELETES "Database Connections\gis_oppgis_thebridge.sde\GIS_OPPGIS.WCC\GIS_OPPGIS.Roof_Detail_Lines"</Process><Process ToolSource="D:\Program Files (x86)\ArcGIS\ArcToolbox\Toolboxes\Data Management Tools.tbx\Analyze" Date="20140826" Time="222731">Analyze "Database Connections\gis_oppgis_thebridge.sde\GIS_OPPGIS.WCC\GIS_OPPGIS.Roof_Detail_Lines" BUSINESS;FEATURE;ADDS;DELETES "Database Connections\gis_oppgis_thebridge.sde\GIS_OPPGIS.WCC\GIS_OPPGIS.Roof_Detail_Lines"</Process><Process ToolSource="D:\Program Files (x86)\ArcGIS\ArcToolbox\Toolboxes\Data Management Tools.tbx\Analyze" Date="20140902" Time="223230">Analyze "Database Connections\gis_oppgis_thebridge.sde\GIS_OPPGIS.WCC\GIS_OPPGIS.Roof_Detail_Lines" BUSINESS;FEATURE;ADDS;DELETES "Database Connections\gis_oppgis_thebridge.sde\GIS_OPPGIS.WCC\GIS_OPPGIS.Roof_Detail_Lines"</Process><Process ToolSource="D:\Program Files (x86)\ArcGIS\ArcToolbox\Toolboxes\Data Management Tools.tbx\Analyze" Date="20140909" Time="222753">Analyze "Database Connections\gis_oppgis_thebridge.sde\GIS_OPPGIS.WCC\GIS_OPPGIS.Roof_Detail_Lines" BUSINESS;FEATURE;ADDS;DELETES "Database Connections\gis_oppgis_thebridge.sde\GIS_OPPGIS.WCC\GIS_OPPGIS.Roof_Detail_Lines"</Process><Process ToolSource="D:\Program Files (x86)\ArcGIS\ArcToolbox\Toolboxes\Data Management Tools.tbx\Analyze" Date="20140916" Time="223301">Analyze "Database Connections\gis_oppgis_thebridge.sde\GIS_OPPGIS.WCC\GIS_OPPGIS.Roof_Detail_Lines" BUSINESS;FEATURE;ADDS;DELETES "Database Connections\gis_oppgis_thebridge.sde\GIS_OPPGIS.WCC\GIS_OPPGIS.Roof_Detail_Lines"</Process><Process ToolSource="D:\Program Files (x86)\ArcGIS\ArcToolbox\Toolboxes\Data Management Tools.tbx\Analyze" Date="20140930" Time="223746">Analyze "Database Connections\gis_oppgis_thebridge.sde\GIS_OPPGIS.WCC\GIS_OPPGIS.Roof_Detail_Lines" BUSINESS;FEATURE;ADDS;DELETES "Database Connections\gis_oppgis_thebridge.sde\GIS_OPPGIS.WCC\GIS_OPPGIS.Roof_Detail_Lines"</Process></lineage><itemProps><itemName Sync="TRUE">GIS_OPPGIS.Roof_Detail</itemName><imsContentType Sync="TRUE">002</imsContentType><itemLocation><linkage Sync="TRUE">Server=arcsdeprod.courses.opp.pennstate; Service=5153:GIS_OPPGIS; Database=GIS_OPPGIS; User=GIS_OPPGIS; Version=GIS_OPPGIS.DEFAULT</linkage><protocol Sync="TRUE">ArcSDE Connection</protocol></itemLocation><itemSize Sync="TRUE">0.000</itemSize></itemProps><coordRef><type Sync="TRUE">Projected</type><geogcsn Sync="TRUE">GCS_North_American_1983</geogcsn><csUnits Sync="TRUE">Linear Unit: Foot_US (0.304801)</csUnits><projcsn Sync="TRUE">NAD_1983_StatePlane_Pennsylvania_North_FIPS_3701_Feet</projcsn><peXml Sync="TRUE">&lt;ProjectedCoordinateSystem xsi:type='typens:ProjectedCoordinateSystem' xmlns:xsi='http://www.w3.org/2001/XMLSchema-instance' xmlns:xs='http://www.w3.org/2001/XMLSchema' xmlns:typens='http://www.esri.com/schemas/ArcGIS/10.1'&gt;&lt;WKT&gt;PROJCS[&amp;quot;NAD_1983_StatePlane_Pennsylvania_North_FIPS_3701_Feet&amp;quot;,GEOGCS[&amp;quot;GCS_North_American_1983&amp;quot;,DATUM[&amp;quot;D_North_American_1983&amp;quot;,SPHEROID[&amp;quot;GRS_1980&amp;quot;,6378137.0,298.257222101]],PRIMEM[&amp;quot;Greenwich&amp;quot;,0.0],UNIT[&amp;quot;Degree&amp;quot;,0.0174532925199433]],PROJECTION[&amp;quot;Lambert_Conformal_Conic&amp;quot;],PARAMETER[&amp;quot;False_Easting&amp;quot;,1968500.0],PARAMETER[&amp;quot;False_Northing&amp;quot;,0.0],PARAMETER[&amp;quot;Central_Meridian&amp;quot;,-77.75],PARAMETER[&amp;quot;Standard_Parallel_1&amp;quot;,40.88333333333333],PARAMETER[&amp;quot;Standard_Parallel_2&amp;quot;,41.95],PARAMETER[&amp;quot;Latitude_Of_Origin&amp;quot;,40.16666666666666],UNIT[&amp;quot;Foot_US&amp;quot;,0.3048006096012192],AUTHORITY[&amp;quot;EPSG&amp;quot;,2271]]&lt;/WKT&gt;&lt;XOrigin&gt;-118829699.999927&lt;/XOrigin&gt;&lt;YOrigin&gt;-96587799.999938995&lt;/YOrigin&gt;&lt;XYScale&gt;42949.672899999998&lt;/XYScale&gt;&lt;ZOrigin&gt;0&lt;/ZOrigin&gt;&lt;ZScale&gt;10000&lt;/ZScale&gt;&lt;MOrigin&gt;-100000&lt;/MOrigin&gt;&lt;MScale&gt;10000&lt;/MScale&gt;&lt;XYTolerance&gt;0.00018626451518330401&lt;/XYTolerance&gt;&lt;ZTolerance&gt;0.001&lt;/ZTolerance&gt;&lt;MTolerance&gt;1.9999999999999998e-005&lt;/MTolerance&gt;&lt;HighPrecision&gt;true&lt;/HighPrecision&gt;&lt;WKID&gt;102728&lt;/WKID&gt;&lt;LatestWKID&gt;2271&lt;/LatestWKID&gt;&lt;/ProjectedCoordinateSystem&gt;</peXml></coordRef></DataProperties><ArcGISFormat>1.0</ArcGISFormat></Esri><idinfo><native Sync="TRUE">Microsoft Windows Vista Version 6.1 (Build 7600) ; ESRI ArcCatalog 9.3.1.4000</native><descript><langdata Sync="TRUE">en</langdata><abstract>REQUIRED: A brief narrative summary of the data set.</abstract><purpose>REQUIRED: A summary of the intentions with which the data set was developed.</purpose></descript><citation><citeinfo><origin>REQUIRED: The name of an organization or individual that developed the data set.</origin><pubdate>REQUIRED: The date when the data set is published or otherwise made available for release.</pubdate><title Sync="TRUE">T3_CAD_LINES</title><ftname Sync="TRUE">T3_CAD_LINES</ftname><geoform Sync="TRUE">vector digital data</geoform><onlink Sync="TRUE">\\146.186.162.239\shares\engineering services\util\OPPGIS\Work Control Center\Geodatabases\WorkControlCenter.gdb</onlink></citeinfo></citation><timeperd><current>REQUIRED: The basis on which the time period of content information is determined.</current><timeinfo><sngdate><caldate>REQUIRED: The year (and optionally month, or month and day) for which the data set corresponds to the ground.</caldate></sngdate></timeinfo></timeperd><status><progress>REQUIRED: The state of the data set.</progress><update>REQUIRED: The frequency with which changes and additions are made to the data set after the initial data set is completed.</update></status><spdom><bounding><westbc Sync="TRUE">REQUIRED: Western-most coordinate of the limit of coverage expressed in longitude.</westbc><eastbc Sync="TRUE">REQUIRED: Eastern-most coordinate of the limit of coverage expressed in longitude.</eastbc><northbc Sync="TRUE">REQUIRED: Northern-most coordinate of the limit of coverage expressed in latitude.</northbc><southbc Sync="TRUE">REQUIRED: Southern-most coordinate of the limit of coverage expressed in latitude.</southbc></bounding></spdom><keywords><theme><themekt>REQUIRED: Reference to a formally registered thesaurus or a similar authoritative source of theme keywords.</themekt><themekey>REQUIRED: Common-use word or phrase used to describe the subject of the data set.</themekey></theme></keywords><accconst>REQUIRED: Restrictions and legal prerequisites for accessing the data set.</accconst><useconst>REQUIRED: Restrictions and legal prerequisites for using the data set after access is granted.</useconst><natvform Sync="TRUE">File Geodatabase Feature Class</natvform></idinfo><dataIdInfo><envirDesc Sync="TRUE">Microsoft Windows 7 Version 6.1 (Build 7601) Service Pack 1; Esri ArcGIS 10.2.0.3348</envirDesc><dataLang><languageCode Sync="TRUE" value="eng"></languageCode><countryCode value="USA" Sync="TRUE"></countryCode></dataLang><idCitation><resTitle Sync="TRUE">GIS_OPPGIS.Roof_Detail</resTitle><presForm><PresFormCd value="005" Sync="TRUE"></PresFormCd></presForm></idCitation><spatRpType><SpatRepTypCd value="001" Sync="TRUE"></SpatRepTypCd></spatRpType></dataIdInfo><metainfo><langmeta Sync="TRUE">en</langmeta><metstdn Sync="TRUE">FGDC Content Standards for Digital Geospatial Metadata</metstdn><metstdv Sync="TRUE">FGDC-STD-001-1998</metstdv><mettc Sync="TRUE">local time</mettc><metc><cntinfo><cntorgp><cntper>REQUIRED: The person responsible for the metadata information.</cntper><cntorg>REQUIRED: The organization responsible for the metadata information.</cntorg></cntorgp><cntaddr><addrtype>REQUIRED: The mailing and/or physical address for the organization or individual.</addrtype><city>REQUIRED: The city of the address.</city><state>REQUIRED: The state or province of the address.</state><postal>REQUIRED: The ZIP or other postal code of the address.</postal></cntaddr><cntvoice>REQUIRED: The telephone number by which individuals can speak to the organization or individual.</cntvoice></cntinfo></metc><metd Sync="TRUE">20120803</metd></metainfo><mdLang><languageCode Sync="TRUE" value="eng"></languageCode><countryCode value="USA" Sync="TRUE"></countryCode></mdLang><mdStanName Sync="TRUE">ISO 19115 Geographic Information - Metadata</mdStanName><mdStanVer Sync="TRUE">DIS_ESRI1.0</mdStanVer><mdChar><CharSetCd Sync="TRUE" value="004"></CharSetCd></mdChar><mdHrLv><ScopeCd Sync="TRUE" value="005"></ScopeCd></mdHrLv><mdHrLvName Sync="TRUE">dataset</mdHrLvName><distinfo><resdesc Sync="TRUE">Downloadable Data</resdesc></distinfo><distInfo><distributor><distorTran><onLineSrc><orDesc Sync="TRUE">002</orDesc><linkage Sync="TRUE">file://\\146.186.162.239\shares\engineering services\util\OPPGIS\Work Control Center\Geodatabases\WorkControlCenter.gdb</linkage><protocol Sync="TRUE">Local Area Network</protocol></onLineSrc></distorTran><distorFormat><formatName Sync="TRUE">File Geodatabase Feature Class</formatName></distorFormat></distributor><distFormat><formatName Sync="TRUE">SDE Feature Class</formatName></distFormat><distTranOps><transSize Sync="TRUE">0.000</transSize></distTranOps></distInfo><spdoinfo><direct Sync="TRUE">Vector</direct><ptvctinf><esriterm Name="GIS_OPPGIS.Roof_Detail"><efeatyp Sync="TRUE">Simple</efeatyp><efeageom code="3" Sync="TRUE"></efeageom><esritopo Sync="TRUE">FALSE</esritopo><efeacnt Sync="TRUE">0</efeacnt><spindex Sync="TRUE">FALSE</spindex><linrefer Sync="TRUE">TRUE</linrefer></esriterm></ptvctinf></spdoinfo><spref><horizsys><cordsysn><geogcsn Sync="TRUE">GCS_North_American_1983</geogcsn><projcsn Sync="TRUE">NAD_1983_StatePlane_Pennsylvania_North_FIPS_3701_Feet</projcsn></cordsysn><planar><planci><plance Sync="TRUE">coordinate pair</plance><plandu Sync="TRUE">survey feet</plandu><coordrep><absres Sync="TRUE">0.000328</absres><ordres Sync="TRUE">0.000328</ordres></coordrep></planci></planar><geodetic><horizdn Sync="TRUE">North American Datum of 1983</horizdn><ellips Sync="TRUE">Geodetic Reference System 80</ellips><semiaxis Sync="TRUE">6378137.000000</semiaxis><denflat Sync="TRUE">298.257222</denflat></geodetic></horizsys><vertdef><altsys><altenc Sync="TRUE">Explicit elevation coordinate included with horizontal coordinates</altenc><altres Sync="TRUE">0.000100</altres></altsys></vertdef></spref><refSysInfo><RefSystem><refSysID><identCode Sync="TRUE" code="2271">NAD_1983_StatePlane_Pennsylvania_North_FIPS_3701_Feet</identCode><idCodeSpace Sync="TRUE">EPSG</idCodeSpace><idVersion Sync="TRUE">8.1.1</idVersion></refSysID></RefSystem></refSysInfo><spatRepInfo><VectSpatRep><geometObjs Name="GIS_OPPGIS.Roof_Detail"><geoObjTyp><GeoObjTypCd value="002" Sync="TRUE"></GeoObjTypCd></geoObjTyp><geoObjCnt Sync="TRUE">0</geoObjCnt></geometObjs><topLvl><TopoLevCd value="001" Sync="TRUE"></TopoLevCd></topLvl></VectSpatRep></spatRepInfo><eainfo><detailed Name="GIS_OPPGIS.Roof_Detail"><enttyp><enttypl Sync="TRUE">GIS_OPPGIS.Roof_Detail</enttypl><enttypt Sync="TRUE">Feature Class</enttypt><enttypc Sync="TRUE">0</enttypc></enttyp><attr><attrlabl Sync="TRUE">OBJECTID</attrlabl><attalias Sync="TRUE">OBJECTID</attalias><attrtype Sync="TRUE">OID</attrtype><attwidth Sync="TRUE">4</attwidth><atprecis Sync="TRUE">10</atprecis><attscale Sync="TRUE">0</attscale><attrdef Sync="TRUE">Internal feature number.</attrdef><attrdefs Sync="TRUE">Esri</attrdefs><attrdomv><udom Sync="TRUE">Sequential unique whole numbers that are automatically generated.</udom></attrdomv></attr><attr><attrlabl Sync="TRUE">Shape</attrlabl><attalias Sync="TRUE">Shape</attalias><attrtype Sync="TRUE">Geometry</attrtype><attwidth Sync="TRUE">8</attwidth><atprecis Sync="TRUE">0</atprecis><attscale Sync="TRUE">0</attscale><attrdef Sync="TRUE">Feature geometry.</attrdef><attrdefs Sync="TRUE">ESRI</attrdefs><attrdomv><udom Sync="TRUE">Coordinates defining the features.</udom></attrdomv></attr><attr><attrlabl Sync="TRUE">Layer</attrlabl><attalias Sync="TRUE">LAYER</attalias><attrtype Sync="TRUE">String</attrtype><attwidth Sync="TRUE">254</attwidth><atprecis Sync="TRUE">0</atprecis><attscale Sync="TRUE">0</attscale></attr><attr><attrlabl Sync="TRUE">SHAPE.LEN</attrlabl><attalias Sync="TRUE">SHAPE.LEN</attalias><attrtype Sync="TRUE">Double</attrtype><attwidth Sync="TRUE">0</attwidth><atprecis Sync="TRUE">0</atprecis><attscale Sync="TRUE">0</attscale></attr></detailed></eainfo><mdDateSt Sync="TRUE">20131002</mdDateSt></metadata>
