[{"VehicleId":45,"Name":"45","Latitude":40.815696,"Longitude":-77.90041,"RouteId":42,"TripId":1921,"RunId":124,"Direction":"O","DirectionLong":"Outbound","Destination":"To Campus","Speed":32,"Heading":52,"Deviation":0,"OpStatus":"ONTIME","CommStatus":"GOOD","GPSStatus":2,"DriverName":"Cox","LastStop":"Oakwood Ave at Copper Beech Oakwood","OnBoard":25,"LastUpdated":"\/Date(1430869344000-0400)\/","DisplayStatus":"On Time","BlockFareboxId":124},{"VehicleId":31,"Name":"31","Latitude":40.813276,"Longitude":-77.905231,"RouteId":42,"TripId":1919,"RunId":166,"Direction":"O","DirectionLong":"Outbound","Destination":"To Campus","Speed":0,"Heading":298,"Deviation":0,"OpStatus":"ONTIME","CommStatus":"GOOD","GPSStatus":2,"DriverName":"Laird","LastStop":"Oakwood Ave at Copper Beech Oakwood","OnBoard":255,"LastUpdated":"\/Date(1430869347000-0400)\/","DisplayStatus":"On Time","BlockFareboxId":166},{"VehicleId":30,"Name":"30","Latitude":40.79851,"Longitude":-77.866031,"RouteId":46,"TripId":1942,"RunId":135,"Direction":"O","DirectionLong":"Outbound","Destination":"To Valley Vista","Speed":18,"Heading":42,"Deviation":0,"OpStatus":"ONTIME","CommStatus":"GOOD","GPSStatus":2,"DriverName":"McClain","LastStop":"Pattee Transit Center Eastbound","OnBoard":7,"LastUpdated":"\/Date(1430869350000-0400)\/","DisplayStatus":"On Time","BlockFareboxId":135},{"VehicleId":80,"Name":"80","Latitude":40.813563,"Longitude":-77.855123,"RouteId":25,"TripId":1937,"RunId":161,"Direction":"I","DirectionLong":"Inbound","Destination":"To Havershire Martin Vairo and Toftrees","Speed":26,"Heading":142,"Deviation":1,"OpStatus":"TRIP START","CommStatus":"GOOD","GPSStatus":2,"DriverName":"Whitford","LastStop":"880 Toftrees Avenue - The Grove","OnBoard":0,"LastUpdated":"\/Date(1430869363000-0400)\/","DisplayStatus":"On Time","BlockFareboxId":161},{"VehicleId":3,"Name":"3","Latitude":40.832346,"Longitude":-77.805931,"RouteId":19,"TripId":1930,"RunId":196,"Direction":"I","DirectionLong":"Inbound","Destination":"To Campus and Downtown","Speed":0,"Heading":198,"Deviation":0,"OpStatus":"LOGGED IN","CommStatus":"GOOD","GPSStatus":2,"DriverName":"Rearick","LastStop":"Nittany Mall Main Entrance","OnBoard":0,"LastUpdated":"\/Date(1430869360000-0400)\/","DisplayStatus":"On Time","BlockFareboxId":196},{"VehicleId":89,"Name":"89","Latitude":40.811007,"Longitude":-77.852743,"RouteId":55,"TripId":2000,"RunId":55,"Direction":"L","DirectionLong":"Loop","Destination":"Blue Loop","Speed":0,"Heading":128,"Deviation":null,"OpStatus":"ONTIME","CommStatus":"GOOD","GPSStatus":2,"DriverName":"Shaeffer","LastStop":"Curtin Rd at Bryce Jordan Center","OnBoard":0,"LastUpdated":"\/Date(1430869376000-0400)\/","DisplayStatus":null,"BlockFareboxId":55},{"VehicleId":14,"Name":"14","Latitude":40.794954,"Longitude":-77.858217,"RouteId":57,"TripId":1800,"RunId":57,"Direction":"L","DirectionLong":"Loop","Destination":"White Loop","Speed":21,"Heading":48,"Deviation":null,"OpStatus":"BUNCHED","CommStatus":"GOOD","GPSStatus":2,"DriverName":"Davis","LastStop":"Beaver Ave at Schlow Library/CATA Office","OnBoard":255,"LastUpdated":"\/Date(1430869376000-0400)\/","DisplayStatus":null,"BlockFareboxId":57},{"VehicleId":82,"Name":"82","Latitude":40.803332,"Longitude":-77.920488,"RouteId":46,"TripId":1902,"RunId":137,"Direction":"O","DirectionLong":"Outbound","Destination":"To Valley Vista","Speed":13,"Heading":20,"Deviation":4,"OpStatus":"ONTIME","CommStatus":"GOOD","GPSStatus":2,"DriverName":"Baer","LastStop":"287 Douglas Dr","OnBoard":1,"LastUpdated":"\/Date(1430869378000-0400)\/","DisplayStatus":"Late","BlockFareboxId":137},{"VehicleId":88,"Name":"88","Latitude":40.807786,"Longitude":-77.858046,"RouteId":13,"TripId":1934,"RunId":127,"Direction":"O","DirectionLong":"Outbound","Destination":"To Toftrees","Speed":14,"Heading":40,"Deviation":0,"OpStatus":"ONTIME","CommStatus":"GOOD","GPSStatus":2,"DriverName":"Couch","LastStop":"Curtin Rd at Shields Building","OnBoard":9,"LastUpdated":"\/Date(1430869365000-0400)\/","DisplayStatus":"On Time","BlockFareboxId":127},{"VehicleId":29,"Name":"29","Latitude":40.832768,"Longitude":-77.841981,"RouteId":51,"TripId":1943,"RunId":186,"Direction":"I","DirectionLong":"Inbound","Destination":"To West Campus","Speed":0,"Heading":44,"Deviation":-1,"OpStatus":"EARLY","CommStatus":"GOOD","GPSStatus":2,"DriverName":"Blair","LastStop":"Innovation Blvd at Materials Research","OnBoard":1,"LastUpdated":"\/Date(1430869387000-0400)\/","DisplayStatus":"On Time","BlockFareboxId":186},{"VehicleId":22,"Name":"22","Latitude":40.790796,"Longitude":-77.871857,"RouteId":51,"TripId":1945,"RunId":188,"Direction":"O","DirectionLong":"Outbound","Destination":"To Innovation Park","Speed":0,"Heading":192,"Deviation":0,"OpStatus":"TRIP START","CommStatus":"GOOD","GPSStatus":2,"DriverName":"Saylor","LastStop":"White Course Dr at Dunham Hall","OnBoard":3,"LastUpdated":"\/Date(1430869387000-0400)\/","DisplayStatus":"On Time","BlockFareboxId":188},{"VehicleId":84,"Name":"84","Latitude":40.801695,"Longitude":-77.864082,"RouteId":13,"TripId":1936,"RunId":119,"Direction":"O","DirectionLong":"Outbound","Destination":"To Scenery Park","Speed":16,"Heading":216,"Deviation":0,"OpStatus":"ONTIME","CommStatus":"GOOD","GPSStatus":2,"DriverName":"Mahoney","LastStop":"East Halls at Curtin Hall","OnBoard":1,"LastUpdated":"\/Date(1430869391000-0400)\/","DisplayStatus":"On Time","BlockFareboxId":119},{"VehicleId":19,"Name":"19","Latitude":40.829671,"Longitude":-77.803711,"RouteId":19,"TripId":1917,"RunId":151,"Direction":"O","DirectionLong":"Outbound","Destination":"To Nittany Mall","Speed":28,"Heading":48,"Deviation":-1,"OpStatus":"ONTIME","CommStatus":"GOOD","GPSStatus":2,"DriverName":"Couch","LastStop":"E College Ave at Woskob Industrial Park","OnBoard":0,"LastUpdated":"\/Date(1430869382000-0400)\/","DisplayStatus":"On Time","BlockFareboxId":151},{"VehicleId":26,"Name":"26","Latitude":40.793903,"Longitude":-77.868606,"RouteId":31,"TripId":1929,"RunId":194,"Direction":"I","DirectionLong":"Inbound","Destination":"To Campus and Downtown","Speed":24,"Heading":328,"Deviation":2,"OpStatus":"ONTIME","CommStatus":"GOOD","GPSStatus":2,"DriverName":"Smith","LastStop":"S Atherton St at W Beaver Ave Inbound","OnBoard":3,"LastUpdated":"\/Date(1430869394000-0400)\/","DisplayStatus":"Late","BlockFareboxId":194},{"VehicleId":81,"Name":"81","Latitude":40.804467,"Longitude":-77.891258,"RouteId":44,"TripId":1937,"RunId":163,"Direction":"I","DirectionLong":"Inbound","Destination":"To Havershire Martin Vairo Toftrees","Speed":25,"Heading":132,"Deviation":0,"OpStatus":"ONTIME","CommStatus":"GOOD","GPSStatus":2,"DriverName":"Hockenberry","LastStop":"1540 Martin St (Nittany Oil)","OnBoard":1,"LastUpdated":"\/Date(1430869388000-0400)\/","DisplayStatus":"On Time","BlockFareboxId":163},{"VehicleId":74,"Name":"74","Latitude":40.915359,"Longitude":-77.738756,"RouteId":49,"TripId":1851,"RunId":148,"Direction":"O","DirectionLong":"Outbound","Destination":"To Mall Campus and Downtown","Speed":33,"Heading":86,"Deviation":0,"OpStatus":"EARLY","CommStatus":"GOOD","GPSStatus":2,"DriverName":"Smith","LastStop":"Zion Road at Centre Street","OnBoard":2,"LastUpdated":"\/Date(1430869399000-0400)\/","DisplayStatus":"On Time","BlockFareboxId":148},{"VehicleId":16,"Name":"16","Latitude":40.79389,"Longitude":-77.868572,"RouteId":43,"TripId":1923,"RunId":174,"Direction":"O","DirectionLong":"Outbound","Destination":"To Vairo Boulevard","Speed":28,"Heading":316,"Deviation":2,"OpStatus":"ONTIME","CommStatus":"GOOD","GPSStatus":2,"DriverName":"Lyon","LastStop":"N Atherton St at Walker Building","OnBoard":255,"LastUpdated":"\/Date(1430869370000-0400)\/","DisplayStatus":"Late","BlockFareboxId":174},{"VehicleId":13,"Name":"13","Latitude":40.797202,"Longitude":-77.873447,"RouteId":22,"TripId":1925,"RunId":168,"Direction":"I","DirectionLong":"Inbound","Destination":"To Campus and Downtown","Speed":28,"Heading":126,"Deviation":3,"OpStatus":"ONTIME","CommStatus":"GOOD","GPSStatus":2,"DriverName":"Phillippe","LastStop":"N Atherton St at Arbor Way","OnBoard":13,"LastUpdated":"\/Date(1430869366000-0400)\/","DisplayStatus":"Late","BlockFareboxId":168},{"VehicleId":83,"Name":"83","Latitude":40.825972,"Longitude":-77.880523,"RouteId":44,"TripId":1930,"RunId":164,"Direction":"O","DirectionLong":"Outbound","Destination":"To Toftrees Vairo Martin Havershire","Speed":29,"Heading":200,"Deviation":2,"OpStatus":"ONTIME","CommStatus":"GOOD","GPSStatus":2,"DriverName":"Noll","LastStop":"Fox Hollow Rd at Orchard Rd Outbound","OnBoard":5,"LastUpdated":"\/Date(1430869401000-0400)\/","DisplayStatus":"Late","BlockFareboxId":164},{"VehicleId":90,"Name":"90","Latitude":40.810568,"Longitude":-77.906684,"RouteId":43,"TripId":1945,"RunId":171,"Direction":"I","DirectionLong":"Inbound","Destination":"To Martin Street and Aaron Drive","Speed":0,"Heading":62,"Deviation":2,"OpStatus":"TRIP START","CommStatus":"GOOD","GPSStatus":2,"DriverName":"DeCamp","LastStop":"Colonnade Blvd at Michaels","OnBoard":0,"LastUpdated":"\/Date(1430869403000-0400)\/","DisplayStatus":"Late","BlockFareboxId":171},{"VehicleId":11,"Name":"11","Latitude":40.798213,"Longitude":-77.866373,"RouteId":33,"TripId":1929,"RunId":177,"Direction":"I","DirectionLong":"Inbound","Destination":"To Campus","Speed":12,"Heading":44,"Deviation":0,"OpStatus":"EARLY","CommStatus":"GOOD","GPSStatus":2,"DriverName":"Brown","LastStop":"Pattee Transit Center Eastbound","OnBoard":45,"LastUpdated":"\/Date(1430869386000-0400)\/","DisplayStatus":"On Time","BlockFareboxId":177},{"VehicleId":17,"Name":"17","Latitude":40.801851,"Longitude":-77.863878,"RouteId":55,"TripId":2000,"RunId":55,"Direction":"L","DirectionLong":"Loop","Destination":"Blue Loop","Speed":3,"Heading":90,"Deviation":null,"OpStatus":"ONTIME","CommStatus":"GOOD","GPSStatus":2,"DriverName":"Russell","LastStop":"Curtin Rd at Pavilion Theatre","OnBoard":239,"LastUpdated":"\/Date(1430869399000-0400)\/","DisplayStatus":null,"BlockFareboxId":55},{"VehicleId":21,"Name":"21","Latitude":40.803387,"Longitude":-77.866453,"RouteId":42,"TripId":1939,"RunId":172,"Direction":"O","DirectionLong":"Outbound","Destination":"To Vairo Boulevard","Speed":0,"Heading":304,"Deviation":1,"OpStatus":"ONTIME","CommStatus":"GOOD","GPSStatus":2,"DriverName":"Hoover","LastStop":"Shortlidge Road at Henning Building","OnBoard":16,"LastUpdated":"\/Date(1430869414000-0400)\/","DisplayStatus":"On Time","BlockFareboxId":172},{"VehicleId":39,"Name":"39","Latitude":40.794508,"Longitude":-77.861546,"RouteId":34,"TripId":1925,"RunId":192,"Direction":"I","DirectionLong":"Inbound","Destination":"to Waupelani Dr","Speed":0,"Heading":300,"Deviation":0,"OpStatus":"TRIP START","CommStatus":"GOOD","GPSStatus":2,"DriverName":"Randall","LastStop":"S Pugh St at E College Ave","OnBoard":4,"LastUpdated":"\/Date(1430869397000-0400)\/","DisplayStatus":"On Time","BlockFareboxId":192},{"VehicleId":18,"Name":"18","Latitude":40.802882,"Longitude":-77.888501,"RouteId":25,"TripId":1930,"RunId":160,"Direction":"O","DirectionLong":"Outbound","Destination":"To Havershire Martin Vairo and Toftrees","Speed":27,"Heading":306,"Deviation":2,"OpStatus":"ONTIME","CommStatus":"GOOD","GPSStatus":2,"DriverName":"Whitford","LastStop":"Martin St at Park Crest Lane Outbound","OnBoard":2,"LastUpdated":"\/Date(1430869404000-0400)\/","DisplayStatus":"Late","BlockFareboxId":160},{"VehicleId":20,"Name":"20","Latitude":40.802799,"Longitude":-77.86536,"RouteId":21,"TripId":1939,"RunId":123,"Direction":"O","DirectionLong":"Outbound","Destination":"To Martin Street and Aaron Drive","Speed":20,"Heading":304,"Deviation":2,"OpStatus":"ONTIME","CommStatus":"GOOD","GPSStatus":2,"DriverName":"MacLaughlin","LastStop":"Shortlidge Road at Henning Building","OnBoard":26,"LastUpdated":"\/Date(1430869413000-0400)\/","DisplayStatus":"Late","BlockFareboxId":123},{"VehicleId":94,"Name":"94","Latitude":40.805517,"Longitude":-77.842309,"RouteId":49,"TripId":1907,"RunId":154,"Direction":"I","DirectionLong":"Inbound","Destination":"To Mall Campus and Downtown","Speed":42,"Heading":244,"Deviation":0,"OpStatus":"ONTIME","CommStatus":"GOOD","GPSStatus":2,"DriverName":"Hartley","LastStop":"1031 East College Ave (Damons)","OnBoard":3,"LastUpdated":"\/Date(1430869400000-0400)\/","DisplayStatus":"On Time","BlockFareboxId":154},{"VehicleId":93,"Name":"93","Latitude":40.793708,"Longitude":-77.862637,"RouteId":55,"TripId":2000,"RunId":55,"Direction":"L","DirectionLong":"Loop","Destination":"Blue Loop","Speed":16,"Heading":228,"Deviation":null,"OpStatus":"ONTIME","CommStatus":"GOOD","GPSStatus":2,"DriverName":"Long","LastStop":"College Avenue at Allen Street","OnBoard":8,"LastUpdated":"\/Date(1430869424000-0400)\/","DisplayStatus":null,"BlockFareboxId":55},{"VehicleId":23,"Name":"23","Latitude":40.801392,"Longitude":-77.864381,"RouteId":57,"TripId":1800,"RunId":57,"Direction":"L","DirectionLong":"Loop","Destination":"White Loop","Speed":15,"Heading":218,"Deviation":null,"OpStatus":"ONTIME","CommStatus":"GOOD","GPSStatus":2,"DriverName":"Bishop","LastStop":"East Halls at Curtin Hall","OnBoard":72,"LastUpdated":"\/Date(1430869419000-0400)\/","DisplayStatus":null,"BlockFareboxId":57},{"VehicleId":10,"Name":"10","Latitude":40.802898,"Longitude":-77.865478,"RouteId":33,"TripId":1939,"RunId":176,"Direction":"O","DirectionLong":"Outbound","Destination":"RC - Waupelani","Speed":21,"Heading":304,"Deviation":2,"OpStatus":"ONTIME","CommStatus":"GOOD","GPSStatus":2,"DriverName":"Selego","LastStop":"Shortlidge Road at Henning Building","OnBoard":18,"LastUpdated":"\/Date(1430869407000-0400)\/","DisplayStatus":"Late","BlockFareboxId":176}]